date,articleNo,title,type,deposit,rent,area_m2,floor,address,roadAddress,jibunAddress,manageFee,availableDate,options,imagesCount,description,realtor,postedYmd,updatedYmd,link
"2025-12-16","2567150082","일반원룸","원룸","5,000","30","19","1/3","","","","3만원","즉시입주 협의 가능","1.5","1","","신정뉴타운부동산중개인사무소","","","https://m.land.naver.com/article/info/2567150082"
"2025-12-16","2567159219","도시형생활주택","원룸","1,500","58","14.91","11/13","","","","11만원","2026년 02월 19일 협의 가능","형 원룸
* 전입신고ok
* 안전한 임대사업자 임대인
* 월세는 587,000원 입니다
2025. 12. 15. 최초게재
부동산써브 제공
허위 매물 신고하기
건축물 정보
로딩중
시설 정보
시설 더보기
주변 분양단지
로딩중","2","","래미안복덕방부동산중개","","","https://m.land.naver.com/article/info/2567159219"
"2025-12-16","2567274002","일반원룸","원룸","1,000","50","36.37","3/3","","","","없음","즉시입주","🏡인프라 : 마트, 카페, 편의점, 프랜차이즈, 다이소, 365일 병원 등등 굿!​
🏡주차 : 비용 등 자리 확인 해야 함.
🏡일부 짐은 ai로 삭제하였음.
※ 단독 등기이므로 호실별 정확한","2","","홈즈공인중개사사무소","","","https://m.land.naver.com/article/info/2567274002"
"2025-12-16","2567253102","일반원룸","원룸","50","48","17.41","2/10","","","","7만 2,000원","즉시입주","핵저렴,단기,월세,전입가능,즉시","3","","JY공인중개사사무소","","","https://m.land.naver.com/article/info/2567253102"
"2025-12-16","2567281916","일반원룸","원룸","1,000","38","19.84","2/4","","","","9만원","즉시입주","! 에어컨 냉장고 세탁기 인덕션 도어록 등
💙내부 깔끔하며 구조와 방 크기 좋아요
💙막혀있지 않은 구조라 채광,환기 걱정NO
💙실제로 보시면 정말 가성비 좋은 매물입니다
2025. 12. 15. 최초게재
피터팬의좋은방구하기 제공
허위 매물 신고하기
건축물 정보
로딩중
시설 정보
시설 더보기
주변 분양단지
로딩중","2","","THE로드공인중개사사무소","","","https://m.land.naver.com/article/info/2567281916"
"2025-12-16","2567281320","일반원룸","원룸","500","40","21.49","1/4","","","","10만원","즉시입주","! 에어컨 냉장고 세탁기 인덕션 도어록 등
💙내부 깔끔하며 구조와 방 크기 좋아요
💙막혀있지 않은 구조라 채광,환기 걱정NO
💙실제로 보시면 정말 가성비 좋은 매물입니다
2025. 12. 15. 최초게재
피터팬의좋은방구하기 제공
허위 매물 신고하기
건축물 정보
로딩중
시설 정보
시설 더보기
주변 분양단지
로딩중","2","","THE로드공인중개사사무소","","","https://m.land.naver.com/article/info/2567281320"
"2025-12-16","2567186527","일반원룸","원룸","5,000","50","12.85","9/12","","","","6만 5,000원","2025년 12월 26일 협의 가능","원룸 보증금조정가능
확인매물 2025. 12. 15.
기본 정보
보증금/월세
5,000
/
50만원","0","","오케이(OK)공인중개사사무소","","","https://m.land.naver.com/article/info/2567186527"
"2025-12-16","2567282747","일반원룸","원룸","1,000","50","23","6/10","","","","10만원","즉시입주 협의 가능","! 에어컨 냉장고 세탁기 인덕션 도어록 등
🏡내부 깔끔하며 구조와 방 크기 좋아요
🏡막혀있지 않은 구조라 채광,환기 걱정NO
🏡실제로 보시면 정말 가성비 좋은 매물입니다
2025. 12. 15. 최초게재
피터팬의좋은방구하기 제공
허위 매물 신고하기
건축물 정보
로딩중
시설 정보
시설 더보기
주변 분양단지
로딩중","2","","THE로드공인중개사사무소","","","https://m.land.naver.com/article/info/2567282747"
"2025-12-16","2567356900","일반원룸","원룸","1,000","58","18.5","1/6","","","","10만원","즉시입주","","2","","명지공인중개사사무소","","","https://m.land.naver.com/article/info/2567356900"
"2025-12-16","2567349360","일반원룸","원룸","1,000","58","17.5","1/6","","","","10만원","즉시입주 협의 가능","원룸 엘베유
집주인
확인매물 2025. 12. 16.
기본 정보
보증금/월세
1,000
/
58만원","3","","목동홍익부동산공인중개사사무소","","","https://m.land.naver.com/article/info/2567349360"
"2025-12-16","2567278189","오피스텔","원룸","5,000","10","18","3/5","","","","10만원","즉시입주 협의 가능","원룸 목동역 도보 2분 깔끔하게 관리 잘된 채광굿
집주인
확인매물 2025. 12. 15.
기본 정보
보증금/월세
5,000
/
10만원","3","","목동홍익부동산공인중개사사무소","","","https://m.land.naver.com/article/info/2567278189"
"2025-12-16","2567254043","오피스텔","원룸","2,000","45","20","2/6","","","","8만원","2026년 01월 05일 협의 가능","원룸오피스텔 엘베유
집주인
확인매물 2025. 12. 15.
기본 정보
보증금/월세
2,000
/
45만원","3","","목동홍익부동산공인중개사사무소","","","https://m.land.naver.com/article/info/2567254043"
"2025-12-16","2567198653","일반원룸","원룸","1,000","47","13.71","5/8","","","","8만원","2026년 01월 초순 협의 가능","","2","","동양부동산공인중개사사무소","","","https://m.land.naver.com/article/info/2567198653"
"2025-12-16","2567178940","일반원룸","원룸","2,000","45","18.38","2/6","","","","7만원","2026년 01월 05일 협의 가능","엘베, 목동역","0","","명지공인중개사사무소","","","https://m.land.naver.com/article/info/2567178940"
"2025-12-16","2567271055","일반원룸","원룸","2,000","70","36.36","3/5","","","","5만원","2026년 01월 하순 협의 가능","주차가능
확인매물 2025. 12. 15.
기본 정보
보증금/월세
2,000
/
70만원
융자금
시세대비 30% 미만","3","","열린공인중개사사무소","","","https://m.land.naver.com/article/info/2567271055"
"2025-12-16","2567319438","일반원룸","원룸","1,000","60","24.84","3/6","","","","7만원","2027년 02월 초순 협의 가능","에어컨, 세탁기, 냉장고 등등
🏡 주차가능
🖐 다른방들도 같이 볼 수 있나요?→ 원하시는 조건에 맞추어서 충분한 상담과 브리핑 후 지칠만큼 보여드립니다.​
2025. 12. 15. 최초게재
피터팬의좋은방구하기 제공
허위 매물 신고하기
건축물 정보
로딩중
시설 정보
시설 더보기
주변 분양단지
로딩중","2","","홈즈공인중개사사무소","","","https://m.land.naver.com/article/info/2567319438"
"2025-12-16","2567358503","일반원룸","원룸","2,000","53","19.52","1/6","","",":888-6","8만원","즉시입주","원룸, 빠른","2","","명지공인중개사 사무소","","","https://m.land.naver.com/article/info/2567358503"
"2025-12-16","2567345932","일반원룸","원룸","1,000","25","22","B1/2","","",":806-12","확인 어려움","즉시입주","원룸
등록 2025. 12. 15.
기본 정보
보증금/월세
1,000
/
25만원
융자금
없음","1","","좋은집행정사공인중개사사무소","","","https://m.land.naver.com/article/info/2567345932"
"2025-12-16","2567258137","일반원룸","원룸","1,000","48","16.5","3/4","","","","7만원","즉시입주 협의 가능","원룸 깨끗하고 넓은집
집주인
확인매물 2025. 12. 15.
기본 정보
보증금/월세
1,000
/
48만원","2","","진영공인중개사사무소","","","https://m.land.naver.com/article/info/2567258137"
"2025-12-16","2567364632","일반원룸","원룸","3,000","38","17.41","고/5","","","","6만원","즉시입주 협의 가능","넓은방 주차가능 즉시","3","","다모하부동산공인중개사사무소","","","https://m.land.naver.com/article/info/2567364632"
"2025-12-16","2567354650","일반원룸","원룸","500","45","19.84","B1/3","","","","7만원","즉시입주","✔ 현관,방문 디지털 도어락, CCTV 완비
❄ 주변환경 및 교통편 ❄
✔ 동양미래대 도보 5분
✔ 구일역 도보 12분
✔ 버스정류장 도보 1분
✔ 다양한 편의 시설 (24시편의점,약국,병원,은행,대형마트,세탁소,카페,영화관,맛집등)
2025. 12. 16. 최초게재
피터팬의좋은방구하기 제공
허위 매물 신고하기
건축물 정보
로딩중
시설 정보
시설 더보기
주변 분양단지
로딩중","2","","친구공인중개사사무소","","","https://m.land.naver.com/article/info/2567354650"
"2025-12-16","2567262740","일반원룸","원룸","300","42","18","B1/3","","","","7만원","즉시입주","⭕
✔옷장,인덕션,냉장고,세탁기,에어컨,전자렌지 풀","2","","연공인중개사사무소","","","https://m.land.naver.com/article/info/2567262740"
"2025-12-16","2567289678","일반원룸","원룸","500","45","20","1/2","","","","없음","즉시입주 협의 가능","","2","","황금공인중개사사무소","","","https://m.land.naver.com/article/info/2567289678"
"2025-12-16","2567356158","일반원룸","원룸","3,000","20","25.65","4/4","","",":85-7","1만원","2026년 01월 20일 협의 가능","","1","","집으로공인중개사사무소","","","https://m.land.naver.com/article/info/2567356158"
"2025-12-16","2567324192","일반원룸","원룸","500","45","20","1/3","","",":187-3","5,000원","즉시입주","","2","","역곡스마트공인중개사사무소","","","https://m.land.naver.com/article/info/2567324192"
"2025-12-16","2567206037","일반원룸","원룸","1,000","53","19.83","중/10","","","","8만원","즉시입주 협의 가능","코스트코,동양미래대 도보 5분거리,엘베,관리실,빠른","3","","현대공인중개사사무소","","","https://m.land.naver.com/article/info/2567206037"
"2025-12-16","2567255447","오피스텔","원룸","1,000","145","30.85","16/19","","","","5만 5,000원","즉시입주 협의 가능","시스템.
-구일역 1호선 역세권에","3","","다모하부동산공인중개사사무소","","","https://m.land.naver.com/article/info/2567255447"
"2025-12-16","2567391874","일반원룸","원룸","1,000","53","21.48","7/9","","","","8만원","즉시입주 협의 가능","확인매물 2025. 12. 16.
기본 정보
보증금/월세
1,000
/
53만원","3","","고산공인중개사","","","https://m.land.naver.com/article/info/2567391874"
"2025-12-16","2567358259","일반원룸","원룸","1,000","53","23.14","고/10","","","","8만원","즉시입주 협의 가능","가득
-방이커서 선호도 좋음
-분리형 원룸 붙박이 시설 아주 잘되어 있음
-방이 넓고 쾌적
[교통 및 편의시설]
-1호선 구일역 도보가능
-고척코스트코, 아이파크몰, 스타벅스 인접함
※고척동에서 가장 오래된 공인","3","","고산공인중개사","","","https://m.land.naver.com/article/info/2567358259"
"2025-12-16","2567339418","일반원룸","원룸","1,000","53","18","중/10","","",":76-32","7만원","즉시입주","분리형원룸
등록 2025. 12. 15.
기본 정보
보증금/월세
1,000
/
53만원
융자금
시세대비 30% 미만","1","","88공인중개사사무소","","","https://m.land.naver.com/article/info/2567339418"
"2025-12-16","2567350736","일반원룸","원룸","350","35","20","3/3","","","","확인 어려움","즉시입주 협의 가능","제공 분리형원룸 빠른","1","","좋은부동산 공인중개사사무소","","","https://m.land.naver.com/article/info/2567350736"
"2025-12-16","2567336381","일반원룸","원룸","700","40","30","B1/3","","","","7,000원","즉시입주 협의 가능","","3","","대지공인중개사사무소","","","https://m.land.naver.com/article/info/2567336381"
"2025-12-16","2567335659","일반원룸","원룸","1,000","50","50","2/2","","","","7,000원","즉시입주 협의 가능","","3","","대지공인중개사사무소","","","https://m.land.naver.com/article/info/2567335659"
"2025-12-16","2567356659","일반원룸","원룸","1,000","65","26.45","3/4","","","","7만원","즉시입주","✔ 현관,방문 디지털 도어락, CCTV 완비
❄ 주변환경 및 교통편 ❄
✔ 대로변이라 안전귀가 가능합니다.
✔ 오류동역 도보 10분!!!
✔ 버스정류장 도보 1분!!!
✔ 다양한 편의 시설 (24시편의점,약국,병원,은행,대형마트,세탁소,카페,영화관,맛집등)
2025. 12. 16. 최초게재
피터팬의좋은방구하기 제공
허위 매물 신고하기
건축물 정보
로딩중
시설 정보
시설 더보기
주변 분양단지
로딩중","2","","친구공인중개사사무소","","","https://m.land.naver.com/article/info/2567356659"
"2025-12-16","2567268088","일반원룸","원룸","300","40","19.83","중/5","","",":580-2","5만원","즉시입주","엘베유, 즉시","1","","우리공인중개사사무소","","","https://m.land.naver.com/article/info/2567268088"
"2025-12-16","2567260058","기타","원룸","2,000","35","16.6","2/7","","","","5만원","즉시입주 협의 가능","교통좋고 생활하기 편리합니다.
확인매물 2025. 12. 15.
기본 정보
보증금/월세
2,000
/
35만원
융자금
시세대비 30% 미만","1","","박사공인중개사사무소","","","https://m.land.naver.com/article/info/2567260058"
"2025-12-16","2567316179","일반원룸","원룸","500","40","14.24","3/4","","","","2만원","즉시입주 협의 가능","원룸 공실 빠른","3","✅ 깔끔한 원룸 입니다.
✅ 현 공실로 빠른","코끼리부동산공인중개사사무소","","","https://m.land.naver.com/article/info/2567316179"
"2025-12-16","2567159579","일반원룸","원룸","1,000","50","18.97","4/4","","","","2만원","즉시입주 협의 가능",": 냉장고, 세탁기, 에어컨, 전자레인지 등 설치
● 세입자 만기: 2025.11.12 (협의 가능)
✨ 매물 포인트
★ 출퇴근과 생활 편리: 소사역 바로 앞, 교통과 생활 인프라 모두 가까움
★ 밝고 아늑한 공간: 남서향 채광으로 쾌적하고 깔끔하게 관리된 원룸
★ 생활 편의","2","","패밀리공인중개사사무소","","","https://m.land.naver.com/article/info/2567159579"
"2025-12-16","2567053469","일반원룸","원룸","3,000","75","19.8","3/5","","","","12만원","즉시입주","다수 !
✅ 편의점, 코인세탁방, 헬스장 등 주변인프라 최고
🌈 [무지개부동산] – 신뢰와 믿음을 최우선으로 🌈
부동산 거래는 단순히 매물을 소개하는 것을 넘어, 고객님의 소중한 시간과 자산을 지키는 중요한 과정입니다. 저희 무지개부동산은 ‘신뢰’와 ‘믿음’을 가장 중요한 가치로 생각하며, 고객님이 안심하고 거래하실 수 있도록 항상 최선을 다할 것입니다.
📌 저희의 가장 큰 강점은 다량의 전속매물 보유입니다.
일반 부동산에서 쉽게 볼 수 없는, 오직 저희와 계약된 검증된 매물을 다수 보유하고 있어, 중복 매물 없이 빠르고 정확한 선택이 가능합니다. 모든 전속매물은 현장 확인과 꼼꼼한 검증을 거쳐","2","","무지개 부동산 공인중개사사무소","","","https://m.land.naver.com/article/info/2567053469"
"2025-12-16","2567051905","일반원룸","원룸","1,000","55","19.8","2/6","","","","10만원","즉시입주","","2","","지음부동산중개사무소","","","https://m.land.naver.com/article/info/2567051905"
"2025-12-16","2567051951","일반원룸","원룸","500","55","19.8","5/7","","","","12만원","즉시입주","","2","","지음부동산중개사무소","","","https://m.land.naver.com/article/info/2567051951"
"2025-12-16","2567052142","일반원룸","원룸","500","38","19.8","B1/4","","","","7만원","즉시입주","","2","","지음부동산중개사무소","","","https://m.land.naver.com/article/info/2567052142"
"2025-12-16","2567052814","일반원룸","원룸","300","23","14.8","4/5","","","","10만원","즉시입주","O몸만들어오세요O
현장
확인매물 2025. 12. 15.
기본 정보
보증금/월세
300
/
23만원
융자금
시세대비 30% 미만","2","","무지개 부동산 공인중개사사무소","","","https://m.land.naver.com/article/info/2567052814"
"2025-12-16","2567051996","일반원룸","원룸","1,000","50","19.8","4/4","","","","12만원","즉시입주","","2","","지음부동산중개사무소","","","https://m.land.naver.com/article/info/2567051996"
"2025-12-16","2567350138","일반원룸","원룸","3,000","60","19","2/4","","","","9만원","즉시입주","– 에어컨, 냉장고, 세탁기, 인덕션, 전자레인지, 옷장, 신발장 등","2","","보석공인중개사사무소","","","https://m.land.naver.com/article/info/2567350138"
"2025-12-16","2567360910","오피스텔","원룸","3,000","72","19.83","8/8","","","","19만원","2026년 01월 하순","","2","","단비공인중개사사무소","","","https://m.land.naver.com/article/info/2567360910"
"2025-12-16","2567368837","일반원룸","원룸","3,000","40","20.4","2/4","","","","10만원","즉시입주 협의 가능","","2","","하늘 공인중개사사무소","","","https://m.land.naver.com/article/info/2567368837"
"2025-12-16","2567342439","일반원룸","원룸","5,000","65","23.14","3/10","","","","10만원","즉시입주","","2","","명성공인중개사사무소","","","https://m.land.naver.com/article/info/2567342439"
"2025-12-16","2567300898","일반원룸","원룸","2,000","110","35","4/8","","","","15만원","즉시입주 협의 가능","방2개 깔끔컨디션 자매형제 엘레베이터 안전한집
집주인
확인매물 2025. 12. 15.
기본 정보
보증금/월세
2,000
/
110만원","2","","늘푸른공인중개사사무소","","","https://m.land.naver.com/article/info/2567300898"
"2025-12-16","2567266340","일반원룸","원룸","1억","27","14.55","8/11","","","","18만원","즉시입주 협의 가능","집주인
확인매물 2025. 12. 15.
기본 정보
보증금/월세
1억
/
27만원
융자금
시세대비 30% 미만","2","","우리들공인중개사사무소","","","https://m.land.naver.com/article/info/2567266340"
"2025-12-16","2567258936","일반원룸","원룸","1억 4,000","20","22.34","8/10","","","","15만원","즉시입주","분리형 원룸.
집주인
확인매물 2025. 12. 15.
기본 정보
보증금/월세
1억 4,000
/
20만원
융자금
없음","2","","우리들공인중개사사무소","","","https://m.land.naver.com/article/info/2567258936"
"2025-12-16","2567325457","일반원룸","원룸","3,000","40","18","5/7","","","","18만원","즉시입주","✅남향으로 막힘이 없어 채광이 좋아요
✅대로변 인접하여 귀갓길 안전해요
✅서울대입구역 역세권","2","","단비공인중개사사무소","","","https://m.land.naver.com/article/info/2567325457"
"2025-12-16","2567325782","일반원룸","원룸","5,000","60","19.83","3/9","","","","10만원","즉시입주","원룸.
집주인
확인매물 2025. 12. 15.
기본 정보
보증금/월세
5,000
/
60만원","2","","우리들공인중개사사무소","","","https://m.land.naver.com/article/info/2567325782"
"2025-12-16","2567218443","일반원룸","원룸","1,000","55","16.53","3/5","","","","11만 5,000원","즉시입주 협의 가능","■ 지하철역부근 도보 가능한 곳
■ 인근 편의시설 완비한곳
■ 오래 살수 있는 집만","3","","JW공인중개사사무소","","","https://m.land.naver.com/article/info/2567218443"
"2025-12-16","2567338740","일반원룸","원룸","1,000","73","16.5","1/5","","","","10만원","즉시입주","은 : 에어컨, 냉장고, 세탁기, 싱크대, 인덕션, 신발장
🌞 채광은 : 남서향(방 창문 기준)
🚗 주차는 : 가능
🐶🐈 반려동물은 : 불가능
🚇🚌 역과의 거리 : 서울대입구역 도보 6분 거리","2","","성진공인중개사무소","","","https://m.land.naver.com/article/info/2567338740"
"2025-12-16","2567294299","일반원룸","원룸","5,000","100","23.5","5/14","","","","20만원","즉시입주 협의 가능","집주인
확인매물 2025. 12. 15.
기본 정보
보증금/월세
5,000
/
100만원","2","","단비공인중개사사무소","","","https://m.land.naver.com/article/info/2567294299"
"2025-12-16","2567148289","일반원룸","원룸","5,000","60","16.8","3/7","","","","10만원","즉시입주 협의 가능","있음
★엘베있음
★","3","","드림명문공인중개사사무소","","","https://m.land.naver.com/article/info/2567148289"
"2025-12-16","2567241849","일반원룸","원룸","3,000","40","21","2/4","","","","10만원","즉시입주","","2","","바다부동산공인중개사사무소","","","https://m.land.naver.com/article/info/2567241849"
"2025-12-16","2567259659","일반원룸","원룸","3,000","65","20","4/8","","","","19만원","즉시입주 협의 가능","","2","","늘푸른공인중개사","","","https://m.land.naver.com/article/info/2567259659"
"2025-12-16","2567206354","일반원룸","원룸","5,000","55","25","3/5","","","","9만원","즉시입주","◈24시간 연중무휴 근무중 ◈
◈전문성 기본, 책임지고 맞춰드립니다◈
◈실제 방문 촬영한 100 ％ 실매물◈
◈조건 맞춰 집 찾아드립니다◈
◈다양한 종류의 매물들 많이 있습니다◈
◈","2","","바다부동산공인중개사사무소","","","https://m.land.naver.com/article/info/2567206354"
"2025-12-16","2567208690","일반원룸","원룸","1억 2,000","2","19.8","1/4","","","","13만원","즉시입주","◈24시간 연중무휴 근무중 ◈
◈전문성 기본, 책임지고 맞춰드립니다◈
◈실제 방문 촬영한 100 ％ 실매물◈
◈조건 맞춰 집 찾아드립니다◈
◈다양한 종류의 매물들 많이 있습니다◈
◈","2","","바다부동산공인중개사사무소","","","https://m.land.naver.com/article/info/2567208690"
"2025-12-16","2567259815","일반원룸","원룸","1,000","70","18.7","3/9","","","","10만원","즉시입주 협의 가능","을 제공합니다. 에어컨 냉장고 세탁기 등
□ 궁금하시거나","2","","늘푸른공인중개사","","","https://m.land.naver.com/article/info/2567259815"
"2025-12-16","2567255625","오피스텔","원룸","1,000","60","18","9/10","","","","8만원","2026년 01월 01일 협의 가능","] 에어컨, 냉장고, 세탁기, 싱크대 등
[🔑","3","","에덴공인중개사사무소","","","https://m.land.naver.com/article/info/2567255625"
"2025-12-16","2567255298","일반원룸","원룸","2,000","80","21","2/10","","","","13만원","2026년 02월 16일",": 엘리베이터, 에어컨, 세탁기, 냉장고, 책상, 옷장, 싱크대, 전자레인지
◆ 친절하게 상담해 드려요~^^ 실매물만 광고하는 에덴부동산입니다.
━━━━━━━━━━━━━━━━━━━━━━━━━━
임대인(임차인)분께 직접 확인한 실매물만 광고합니다.
손님","3","","에덴공인중개사사무소","","","https://m.land.naver.com/article/info/2567255298"
"2025-12-16","2567255991","일반원룸","원룸","5,000","80","27","6/10","","","","10만원","2026년 02월 08일",": 티비, 에어컨, 냉장고, 세탁기, 싱크대, 붙박이장 등등
◆ 세입자 거주 2월 8일","3","","에덴공인중개사사무소","","","https://m.land.naver.com/article/info/2567255991"
"2025-12-16","2567358469","오피스텔","원룸","1,000","90","25.71","3/11","","","","10만원","즉시입주 협의 가능",": 풀","3","","마에스트로공인중개사사무소","","","https://m.land.naver.com/article/info/2567358469"
"2025-12-16","2567368810","일반원룸","원룸","5,000","55","19.8","중/5","","","","10만원","즉시입주 협의 가능","원룸
확인매물 2025. 12. 16.
기본 정보
보증금/월세
5,000
/
55만원","2","","하늘 공인중개사사무소","","","https://m.land.naver.com/article/info/2567368810"
"2025-12-16","2567366633","도시형생활주택","원룸","1,000","65","17.98","저/9","","","","15만원","2026년 02월 08일 협의 가능","","2","","아이클래스부동산공인중개사사무소","","","https://m.land.naver.com/article/info/2567366633"
"2025-12-16","2567343342","일반원룸","원룸","500","49","19.83","2/4","","","","9만원","즉시입주 협의 가능","","3","","구름공인중개사사무소","","","https://m.land.naver.com/article/info/2567343342"
"2025-12-16","2567391797","일반원룸","원룸","1억 3,000","25","22.34","13/14","","","","12만원","2026년 02월 초순 협의 가능","으로 모두 바로 사용가능합니다
보증금 월세 전환 가능합니다
1억3천/30, 1억9천
화이트톤 구조 , 남향 + 서향, 가리는것 없는 관악산 뷰 , 서향 예쁜 뷰
2025. 12. 16. 최초게재
부동산포스 제공
허위 매물 신고하기
건축물 정보
로딩중
개발예정
상세내용
숨기기
철도
현재","2","","대진공인중개사사무소","","","https://m.land.naver.com/article/info/2567391797"
"2025-12-16","2567343168","일반원룸","원룸","1,000","46","19.83","3/4","","","","9만원","즉시입주 협의 가능","","3","","구름공인중개사사무소","","","https://m.land.naver.com/article/info/2567343168"
"2025-12-16","2567343020","일반원룸","원룸","6,000","60","16.5","3/10","","","","10만원","즉시입주","","3","","다옴공인중개사사무소","","","https://m.land.naver.com/article/info/2567343020"
"2025-12-16","2567342321","일반원룸","원룸","1,000","45","19.83","2/3","","","","7만원","즉시입주 협의 가능","","3","","라라 공인중개사 사무소","","","https://m.land.naver.com/article/info/2567342321"
"2025-12-16","2567343869","일반원룸","원룸","5,000","65","16.5","3/10","","","","10만원","즉시입주","","3","","다옴공인중개사사무소","","","https://m.land.naver.com/article/info/2567343869"
"2025-12-16","2567368570","일반원룸","원룸","2,000","80","34.7","1/4","","","","7만원","즉시입주 협의 가능","","2","","하늘 공인중개사사무소","","","https://m.land.naver.com/article/info/2567368570"
"2025-12-16","2567368906","일반원룸","원룸","5,000","40","21.4","5/8","","","","10만원","즉시입주 협의 가능","","2","","하늘 공인중개사사무소","","","https://m.land.naver.com/article/info/2567368906"
"2025-12-16","2567342049","일반원룸","원룸","1,000","49","19.83","3/3","","","","9만원","즉시입주 협의 가능","","3","","구름공인중개사사무소","","","https://m.land.naver.com/article/info/2567342049"
"2025-12-16","2567357375","일반원룸","원룸","1,000","50","19.8","2/3","","","","10만원","즉시입주","원룸입니다.
확인매물 2025. 12. 16.
기본 정보
보증금/월세
1,000
/
50만원","3","】
◆","로얄부동산공인중개사사무소","","","https://m.land.naver.com/article/info/2567357375"
"2025-12-16","2567344761","일반원룸","원룸","4,000","65","16.5","2/10","","","","10만원","즉시입주","","3","","다옴공인중개사사무소","","","https://m.land.naver.com/article/info/2567344761"
"2025-12-16","2567368472","일반원룸","원룸","500","57","20.8","1/3","","","","8만원","즉시입주 협의 가능","","2","","하늘 공인중개사사무소","","","https://m.land.naver.com/article/info/2567368472"
"2025-12-16","2567392403","일반원룸","원룸","300","48","16","4/4","","","","7만원","즉시입주 협의 가능","","2","","따뜻한공인중개사사무소","","","https://m.land.naver.com/article/info/2567392403"
"2025-12-16","2567391553","일반원룸","원룸","3,000","40","19.83","2/4","","","","8만원","2025년 12월 초순 협의 가능","입니다.
지문보안","2","","대진공인중개사사무소","","","https://m.land.naver.com/article/info/2567391553"
"2025-12-16","2567412788","일반원룸","원룸","2,000","50","19.83","2/5","","","","9만원","즉시입주 협의 가능","","2","","명성공인중개사사무소","","","https://m.land.naver.com/article/info/2567412788"
"2025-12-16","2567417346","오피스텔","원룸","5,000","90","23.28","4/14","","","","20만원","즉시입주 협의 가능","","3","","레시피공인중개사사무소","","","https://m.land.naver.com/article/info/2567417346"
"2025-12-16","2567391112","일반원룸","원룸","1,000","42","17.52","2/3","","","","10만원","즉시입주","연식있음, 배란다 2개 구조","2","","대진공인중개사사무소","","","https://m.land.naver.com/article/info/2567391112"
"2025-12-16","2567359551","일반원룸","원룸","5,000","60","19.83","5/10","","","","10만원","즉시입주 협의 가능","","2","","널위한공인중개사사무소","","","https://m.land.naver.com/article/info/2567359551"
"2025-12-16","2567390971","일반원룸","원룸","4,000","35","21.24","3/5","","","","8만원","즉시입주","매물로 상태 좋습니다.
2025. 12. 16. 최초게재
부동산포스 제공
허위 매물 신고하기
건축물 정보
로딩중
개발예정
상세내용
숨기기
서울대입구역(2030년예정)
노선
서부선(예정)
개통
2030년 예정
거리
1045
m
도보
16
분
지도보기
구암초교앞역(2030년예정)
노선
서부선(예정)
개통
2030년 예정
거리
1088
m
도보
16
분
지도보기
주변 분양단지
로딩중","2","","대진공인중개사사무소","","","https://m.land.naver.com/article/info/2567390971"
"2025-12-16","2567364817","일반원룸","원룸","3,000","68","23.1","2/3","","","","10만원","즉시입주 협의 가능","","2","1. 구조 : 신축급 깔끔하고 넓은 방 1개와 분리된 주방, 화장실이 있는 원룸입니다.
   2. 시설상태 :","마루공인중개사사무소","","","https://m.land.naver.com/article/info/2567364817"
"2025-12-16","2567310257","오피스텔","원룸","500","45","16.4","8/9","","","","7만원","즉시입주",": 풀","3","","마에스트로공인중개사사무소","","","https://m.land.naver.com/article/info/2567310257"
"2025-12-16","2567372681","일반원룸","원룸","2,000","35","19.83","3/3","","","","7만원","즉시입주 협의 가능","","2","","따뜻한공인중개사사무소","","","https://m.land.naver.com/article/info/2567372681"
"2025-12-16","2567368832","일반원룸","원룸","3,000","45","20.2","3/4","","","","10만원","즉시입주","","2","","하늘 공인중개사사무소","","","https://m.land.naver.com/article/info/2567368832"
"2025-12-16","2567390643","일반원룸","원룸","500","35","18.19","3/3","","","","5만원","즉시입주 협의 가능","","2","","대진공인중개사사무소","","","https://m.land.naver.com/article/info/2567390643"
"2025-12-16","2567342535","일반원룸","원룸","3,000","55","23.14","1/3","","","","10만원","즉시입주 협의 가능","!
✔️ 서울대입구역까지 도보 7~8분 이내 거리
✔️ 주변에 다양한 편의시설이 있어요 !
🌈♪♪♪♪♪♪ 라라 부동산 ♪♪♪♪♪♪🌈
『매주 1번 매물 확인작업을 거쳐 매물 최신화 !!』
『최대한 많은정보를 정확히 전달해드리도록 노력하겠습니다』
『실","3","","라라 공인중개사 사무소","","","https://m.land.naver.com/article/info/2567342535"
"2025-12-16","2567368877","일반원룸","원룸","5,000","35","20.9","4/4","","","","12만원","즉시입주 협의 가능","및 건물 내외부 컨디션 굿 !
-주차 가능 초희귀 1.5룸
-봉천역 도보 5분거리!! 서두르세요!
☁🌤왜 하늘 공인","2","","하늘 공인중개사사무소","","","https://m.land.naver.com/article/info/2567368877"
"2025-12-16","2567353140","일반원룸","원룸","4,000","50","19.8","2/5","","","","8만원","즉시입주 협의 가능","분리형
◆","3","】
◆","로얄부동산공인중개사사무소","","","https://m.land.naver.com/article/info/2567353140"
"2025-12-16","2567387458","일반원룸","원룸","500","40","16","2/3","","","","7만원","2025년 12월 15일 협의 가능","","2","","따뜻한공인중개사사무소","","","https://m.land.naver.com/article/info/2567387458"
"2025-12-16","2567356857","일반원룸","원룸","2,000","75","19","7/10","","","","10만원","즉시입주 협의 가능","🟨
◻ 창문이 커서 채광이 좋습니다.
◻ 실제 임장","2","","방배다올공인중개사사무소","","","https://m.land.naver.com/article/info/2567356857"
"2025-12-16","2567328096","일반원룸","원룸","5,000","40","23.1","7/7","","","","20만원","즉시입주",": 풀","3","","마에스트로공인중개사사무소","","","https://m.land.naver.com/article/info/2567328096"
"2025-12-16","2567341312","일반원룸","원룸","500","48","19.83","2/3","","","","8만원","즉시입주 협의 가능","위치 좋고 채광 좋은 방","3","","구름공인중개사사무소","","","https://m.land.naver.com/article/info/2567341312"
"2025-12-16","2567343358","일반원룸","원룸","1,000","40","19.84","6/7","","","","10만원","즉시입주 협의 가능","💦.좋은동네 매력적인","2","","에드원공인중개사사무소","","","https://m.land.naver.com/article/info/2567343358"
"2025-12-16","2567322718","일반원룸","원룸","200","32","13.22","3/7","","","","9만원","즉시입주","","2","","슬기로운공인중개사사무소","","","https://m.land.naver.com/article/info/2567322718"
"2025-12-16","2567340983","일반원룸","원룸","500","46","19.83","2/4","","","","9만원","즉시입주 협의 가능","","3","","구름공인중개사사무소","","","https://m.land.naver.com/article/info/2567340983"
"2025-12-16","2567351583","오피스텔","원룸","500","47","16.83","2/8","","","","7만원","2026년 01월 15일 협의 가능","오피스텔
확인매물 2025. 12. 16.
기본 정보
보증금/월세
500
/
47만원
융자금
시세대비 30% 미만","2","","와공인중개사사무소","","","https://m.land.naver.com/article/info/2567351583"
"2025-12-16","2567356023","일반원룸","원룸","5,000","70","16.5","2/10","","","","8만원","즉시입주","원룸
확인매물 2025. 12. 16.
기본 정보
보증금/월세
5,000
/
70만원","2","1. 크기 : 복","마루공인중개사사무소","","","https://m.land.naver.com/article/info/2567356023"
"2025-12-16","2567332086","일반원룸","원룸","500","40","19.8","2/5","","","","13만원","즉시입주","","3","","다옴공인중개사사무소","","","https://m.land.naver.com/article/info/2567332086"
"2025-12-16","2567304729","오피스텔","원룸","3,000","75","20.51","3/8","","","","13만원","즉시입주 협의 가능","","2","","무지개 부동산 공인중개사사무소","","","https://m.land.naver.com/article/info/2567304729"
"2025-12-16","2567279578","일반원룸","원룸","3,000","40","19.83","4/4","","","","10만원","즉시입주","","3","","마음든든공인중개사사무소","","","https://m.land.naver.com/article/info/2567279578"
"2025-12-16","2567276787","일반원룸","원룸","2,000","100","33.05","2/3","","","","8만원","즉시입주 협의 가능","","2","","판다부동산공인중개사사무소","","","https://m.land.naver.com/article/info/2567276787"
"2025-12-16","2567298414","오피스텔","원룸","1억","75","19.84","11/11","","","","10만원","즉시입주","","2","","무지개 부동산 공인중개사사무소","","","https://m.land.naver.com/article/info/2567298414"
"2025-12-16","2567271376","일반원룸","원룸","1,000","50","19.17","2/4","","","","10만원","즉시입주","- 오픈형 원룸(방1,욕실1)
- 에어컨,세탁기,냉장고,책상,옷장,인덕션
주변환경
- 5분거리에 샤로수길이 있어 상점이 많습니다.
- 인근에 카페, 빨래방, 편의점 등이 있어 편리합니다.
보안
- 현관도어락으로 안전합니다.
- 거리 방범 CCTV가 많아 안심 귀가 가능합니다.
📌📌
통화 어려우신 경우 하단 내용 작성하셔서
문자 주시면 빠른 상담도와드리겠습니다!
✔️변희원 소속공인","3","","구름공인중개사사무소","","","https://m.land.naver.com/article/info/2567271376"
"2025-12-16","2567293578","오피스텔","원룸","1억","75","15.74","11/11","","","","10만원","즉시입주","","2","","무지개 부동산 공인중개사사무소","","","https://m.land.naver.com/article/info/2567293578"
"2025-12-16","2567277019","일반원룸","원룸","1,000","51","19.83","1/4","","","","9만원","즉시입주","","2","","판다부동산공인중개사사무소","","","https://m.land.naver.com/article/info/2567277019"
"2025-12-16","2567273138","일반원룸","원룸","1,000","53","18.18","2/6","","","","12만원","즉시입주","- 오픈형 원룸(방1,욕실1)
- 에어컨,세탁기,냉장고,책상,옷장,인덕션
주변환경
- 3분거리에 샤로수길이 있어 상점이 많습니다.
- 인근에 카페, 빨래방, 편의점 등이 있어 편리합니다.
보안
- 현관도어락으로 안전합니다.
- 거리 방범 CCTV가 많아 안심 귀가 가능합니다.
📌📌
통화 어려우신 경우 하단 내용 작성하셔서
문자 주시면 빠른 상담도와드리겠습니다!
✔️변희원 소속공인","3","","구름공인중개사사무소","","","https://m.land.naver.com/article/info/2567273138"
"2025-12-16","2567270655","일반원룸","원룸","500","41","18.18","3/3","","","","9만원","즉시입주","- 오픈형 원룸(방1,욕실1)
- 에어컨,세탁기,냉장고,책상,옷장,인덕션
주변환경
- 5분거리에 샤로수길이 있어 상점이 많습니다.
- 인근에 카페, 빨래방, 편의점 등이 있어 편리합니다.
보안
- 현관도어락으로 안전합니다.
- 거리 방범 CCTV가 많아 안심 귀가 가능합니다.
📌📌
통화 어려우신 경우 하단 내용 작성하셔서
문자 주시면 빠른 상담도와드리겠습니다!
✔️변희원 소속공인","3","","구름공인중개사사무소","","","https://m.land.naver.com/article/info/2567270655"
"2025-12-16","2567278706","일반원룸","원룸","3,000","60","29.51","3/5","","","","6만원","즉시입주","","2","","판다부동산공인중개사사무소","","","https://m.land.naver.com/article/info/2567278706"
"2025-12-16","2567271930","일반원룸","원룸","1,000","58","19.17","2/3","","","","0원","즉시입주","- 오픈형 원룸(방1,욕실1)
- 에어컨,세탁기,냉장고,책상,옷장,인덕션
주변환경
- 5분거리에 샤로수길이 있어 상점이 많습니다.
- 인근에 카페, 빨래방, 편의점 등이 있어 편리합니다.
보안
- 현관도어락으로 안전합니다.
- 거리 방범 CCTV가 많아 안심 귀가 가능합니다.
📌📌
통화 어려우신 경우 하단 내용 작성하셔서
문자 주시면 빠른 상담도와드리겠습니다!
✔️변희원 소속공인","3","","구름공인중개사사무소","","","https://m.land.naver.com/article/info/2567271930"
"2025-12-16","2567292784","일반원룸","원룸","2,000","25","23.1","5/6","","","","11만원","즉시입주 협의 가능","확인매물 2025. 12. 15.
기본 정보
보증금/월세
2,000
/
25만원
융자금
시세대비 30% 미만","2","","로얄공인중개사사무소","","","https://m.land.naver.com/article/info/2567292784"
"2025-12-16","2567272433","일반원룸","원룸","500","42","18.18","2/3","","","","8만원","즉시입주","- 분리형 원룸(방1,욕실1)
- 에어컨,세탁기,냉장고,책상,옷장,인덕션
주변환경
- 3분거리에 샤로수길이 있어 상점이 많습니다.
- 인근에 카페, 빨래방, 편의점 등이 있어 편리합니다.
보안
- 현관도어락으로 안전합니다.
- 거리 방범 CCTV가 많아 안심 귀가 가능합니다.
📌📌
통화 어려우신 경우 하단 내용 작성하셔서
문자 주시면 빠른 상담도와드리겠습니다!
✔️변희원 소속공인","3","","구름공인중개사사무소","","","https://m.land.naver.com/article/info/2567272433"
"2025-12-16","2567270087","일반원룸","원룸","4,000","35","19.17","2/5","","","","5만원","즉시입주","- 오픈형 원룸(방1,욕실1)
- 에어컨,세탁기,냉장고,책상,옷장,인덕션
주변환경
- 10분거리에 샤로수길이 있어 상점이 많습니다.
- 인근에 카페, 빨래방, 편의점 등이 있어 편리합니다.
보안
- 현관도어락으로 안전합니다.
- 거리 방범 CCTV가 많아 안심 귀가 가능합니다.
📌📌
통화 어려우신 경우 하단 내용 작성하셔서
문자 주시면 빠른 상담도와드리겠습니다!
✔️변희원 소속공인","3","","구름공인중개사사무소","","","https://m.land.naver.com/article/info/2567270087"
"2025-12-16","2567269059","일반원룸","원룸","1,000","57","19.83","1/3","","","","8만원","즉시입주","- 분리형 원룸(방1,욕실1)
- 에어컨,세탁기,냉장고,책상,옷장,인덕션
주변환경
- 5분거리에 샤로수길이 있어 상점이 많습니다.
- 인근에 카페, 빨래방, 편의점 등이 있어 편리합니다.
보안
- 현관도어락으로 안전합니다.
- 거리 방범 CCTV가 많아 안심 귀가 가능합니다.
📌📌
통화 어려우신 경우 하단 내용 작성하셔서
문자 주시면 빠른 상담도와드리겠습니다!
✔️변희원 소속공인","3","","구름공인중개사사무소","","","https://m.land.naver.com/article/info/2567269059"
"2025-12-16","2567287389","일반원룸","원룸","300","30","15","고/5","","","","8만원","즉시입주","으로 규모 있게","2","","서희공인중개사사무소","","","https://m.land.naver.com/article/info/2567287389"
"2025-12-16","2567269399","일반원룸","원룸","1,000","53","18.18","3/4","","","","10만원","즉시입주","- 오픈형 원룸(방1,욕실1)
- 에어컨,세탁기,냉장고,책상,옷장,인덕션
주변환경
- 3분거리에 샤로수길이 있어 상점이 많습니다.
- 인근에 카페, 빨래방, 편의점 등이 있어 편리합니다.
보안
- 현관도어락으로 안전합니다.
- 거리 방범 CCTV가 많아 안심 귀가 가능합니다.
📌📌
통화 어려우신 경우 하단 내용 작성하셔서
문자 주시면 빠른 상담도와드리겠습니다!
✔️변희원 소속공인","3","","구름공인중개사사무소","","","https://m.land.naver.com/article/info/2567269399"
"2025-12-16","2567265897","일반원룸","원룸","1,000","57","16","3/7","","","","8만원","즉시입주 협의 가능","에 깔끔하고 안전한 곳임
▶조용한 곳에","3","","Q-부동산공인중개사사무소","","","https://m.land.naver.com/article/info/2567265897"
"2025-12-16","2567278702","일반원룸","원룸","500","55","19.83","4/6","","","","9만원","즉시입주","","3","","마음든든공인중개사사무소","","","https://m.land.naver.com/article/info/2567278702"
"2025-12-16","2567281526","오피스텔","원룸","3,000","65","19.8","8/8","","","","18만원","즉시입주","","2","","무지개 부동산 공인중개사사무소","","","https://m.land.naver.com/article/info/2567281526"
"2025-12-16","2567240180","일반원룸","원룸","3,000","55","20.16","3/9","","","","9만원","즉시입주 협의 가능","(싱크대,세탁기,에어컨,냉장고,인덕션레인지 등)
-","2","","늘봄공인중개사사무소","","","https://m.land.naver.com/article/info/2567240180"
"2025-12-16","2567260873","일반원룸","원룸","1,000","48","18.84","3/3","","","","9만원","즉시입주","- 오픈형 원룸(방1,욕실1)
- 에어컨,세탁기,냉장고,책상,옷장,인덕션
주변환경
- 5분거리에 샤로수길이 있어 상점이 많습니다.
- 인근에 카페, 빨래방, 편의점 등이 있어 편리합니다.
보안
- 현관도어락으로 안전합니다.
- 거리 방범 CCTV가 많아 안심 귀가 가능합니다.
📌📌
통화 어려우신 경우 하단 내용 작성하셔서
문자 주시면 빠른 상담도와드리겠습니다!
✔️변희원 소속공인","3","","구름공인중개사사무소","","","https://m.land.naver.com/article/info/2567260873"
"2025-12-16","2567257663","일반원룸","원룸","3,000","40","18.53","2/3","","","","8만원","즉시입주","- 분리형 원룸(방1,욕실1)
- 에어컨,세탁기,냉장고,책상,옷장,인덕션
주변환경
- 초등학교 주변이라 안전합니다.
- 인근에 카페, 빨래방, 편의점 등이 있어 편리합니다.
보안
- 현관도어락으로 안전합니다.
- 거리 방범 CCTV가 많아 안심 귀가 가능합니다.
📌📌
통화 어려우신 경우 하단 내용 작성하셔서
문자 주시면 빠른 상담도와드리겠습니다!
✔️변희원 소속공인","3","","구름공인중개사사무소","","","https://m.land.naver.com/article/info/2567257663"
"2025-12-16","2567257049","일반원룸","원룸","1,000","46","18.18","2/3","","","","9만원","즉시입주","- 오픈형 원룸(방1,욕실1)
- 에어컨,세탁기,냉장고,책상,옷장,인덕션
주변환경
- 3분거리에 샤로수길이 있어 상점이 많습니다.
- 인근에 카페, 빨래방, 편의점 등이 있어 편리합니다.
보안
- 현관도어락으로 안전합니다.
- 거리 방범 CCTV가 많아 안심 귀가 가능합니다.
📌📌
통화 어려우신 경우 하단 내용 작성하셔서
문자 주시면 빠른 상담도와드리겠습니다!
✔️변희원 소속공인","3","","구름공인중개사사무소","","","https://m.land.naver.com/article/info/2567257049"
"2025-12-16","2567261255","일반원룸","원룸","1,000","56","19.83","2/3","","","","9만원","즉시입주","좋은 원룸 서울대입구역
확인매물 2025. 12. 15.
기본 정보
보증금/월세
1,000
/
56만원","3","","구름공인중개사사무소","","","https://m.land.naver.com/article/info/2567261255"
"2025-12-16","2567260500","일반원룸","원룸","1,000","60","18.18","3/4","","","","10만원","즉시입주","- 오픈형 원룸(방1,욕실1)
- 에어컨,세탁기,냉장고,책상,옷장,인덕션
주변환경
- 3분거리에 샤로수길이 있어 상점이 많습니다.
- 인근에 카페, 빨래방, 편의점 등이 있어 편리합니다.
보안
- 현관도어락으로 안전합니다.
- 거리 방범 CCTV가 많아 안심 귀가 가능합니다.
📌📌
통화 어려우신 경우 하단 내용 작성하셔서
문자 주시면 빠른 상담도와드리겠습니다!
✔️변희원 소속공인","3","","구름공인중개사사무소","","","https://m.land.naver.com/article/info/2567260500"
"2025-12-16","2567263274","일반원룸","원룸","500","38","16","4/6","","","","9원","2025년 12월 하순 협의 가능","","2","","서희공인중개사사무소","","","https://m.land.naver.com/article/info/2567263274"
"2025-12-16","2567184652","일반원룸","원룸","100","33","19","고/5","","","","9만원","즉시입주","넓은 우드톤 고급진방 역세권
확인매물 2025. 12. 15.
기본 정보
보증금/월세
100
/
33만원","3","","다름공인중개사사무소","","","https://m.land.naver.com/article/info/2567184652"
"2025-12-16","2567252260","일반원룸","원룸","1,000","55","19.8","저/7","","","","10만원","즉시입주 협의 가능","원룸
확인매물 2025. 12. 15.
기본 정보
보증금/월세
1,000
/
55만원","3","","청춘부동산공인중개사사무소","","","https://m.land.naver.com/article/info/2567252260"
"2025-12-16","2567233067","오피스텔","원룸","5,000","70","25.71","3/11","","","","10만원","즉시입주 협의 가능","","2","","무지개 부동산 공인중개사사무소","","","https://m.land.naver.com/article/info/2567233067"
"2025-12-16","2567243344","오피스텔","원룸","2,000","85","22.89","고/15","","","","11만원","2026년 02월 19일 협의 가능","","3","","캠퍼스공인중개사","","","https://m.land.naver.com/article/info/2567243344"
"2025-12-16","2567234131","오피스텔","원룸","1,000","90","25.71","3/11","","","","10만원","즉시입주 협의 가능","","2","","무지개 부동산 공인중개사사무소","","","https://m.land.naver.com/article/info/2567234131"
"2025-12-16","2567179425","일반원룸","원룸","100","28","20","고/4","","","","9만원","즉시입주","원룸
확인매물 2025. 12. 15.
기본 정보
보증금/월세
100
/
28만원","3","","다름공인중개사사무소","","","https://m.land.naver.com/article/info/2567179425"
"2025-12-16","2567251597","일반원룸","원룸","2,000","55","19.8","중/5","","","","10만원","즉시입주","오피스텔
확인매물 2025. 12. 15.
기본 정보
보증금/월세
2,000
/
55만원
융자금
없음","2","","무지개 부동산 공인중개사사무소","","","https://m.land.naver.com/article/info/2567251597"
"2025-12-16","2567234540","일반원룸","원룸","1억","27","14.55","8/11","","","","18만원","2026년 01월 30일 협의 가능","","3","","에덴공인중개사사무소","","","https://m.land.naver.com/article/info/2567234540"
"2025-12-16","2567242636","오피스텔","원룸","2,000","95","24.45","중/15","","","","11만원","2026년 01월 13일 협의 가능","","3","","캠퍼스공인중개사","","","https://m.land.naver.com/article/info/2567242636"
"2025-12-16","2567218398","일반원룸","원룸","500","46","16","2/5","","","","9만원","2026년 01월 16일","","2","","서희공인중개사사무소","","","https://m.land.naver.com/article/info/2567218398"
"2025-12-16","2567265474","오피스텔","원룸","2,000","70","20","4/8","","","","19만원","즉시입주 협의 가능","","3",": 리모델링하여 깔끔하고 방 넓으며 주방침실 분리형
▶거주자편의시설: 지하 헬스장 무료이용가능","Q-부동산공인중개사사무소","","","https://m.land.naver.com/article/info/2567265474"
"2025-12-16","2567229540","일반원룸","원룸","5,000","80","24","6/10","","","","10만원","2026년 02월 07일 협의 가능","","3","","에덴공인중개사사무소","","","https://m.land.naver.com/article/info/2567229540"
"2025-12-16","2567242210","오피스텔","원룸","2,000","80","22.89","중/15","","","","11만원","2026년 02월 27일 협의 가능","","3","","캠퍼스공인중개사","","","https://m.land.naver.com/article/info/2567242210"
"2025-12-16","2567147568","일반원룸","원룸","1,000","45","19.84","1/5","","","","10만원","즉시입주",".건조가능.좋은","2","","제이부동산중개","","","https://m.land.naver.com/article/info/2567147568"
"2025-12-16","2567124558","일반원룸","원룸","6,000","30","17.4","6/8","","","","10만원","즉시입주","원룸
확인매물 2025. 12. 15.
기본 정보
보증금/월세
6,000
/
30만원","3","","다옴공인중개사사무소","","","https://m.land.naver.com/article/info/2567124558"
"2025-12-16","2567331791","일반원룸","원룸","5,000","26","21.15","2/3","","","","6만원","즉시입주","(싱크대,세탁기,에어컨,냉장고,인덕션레인지 등)
-","2","","늘봄공인중개사사무소","","","https://m.land.naver.com/article/info/2567331791"
"2025-12-16","2567329440","일반원룸","원룸","500","52","19.8","7/8","","","","8만원","즉시입주","분리형
◆","3","]
◆","로얄부동산공인중개사사무소","","","https://m.land.naver.com/article/info/2567329440"
"2025-12-16","2567341940","일반원룸","원룸","2,000","48","19.83","2/4","","","","12만원","즉시입주 협의 가능","","3","","라라 공인중개사 사무소","","","https://m.land.naver.com/article/info/2567341940"
"2025-12-16","2567330187","일반원룸","원룸","1,000","56","19.8","6/7","","","","9만원","즉시입주 협의 가능","깔끔컨디션 평지","3","]
◆","로얄부동산공인중개사사무소","","","https://m.land.naver.com/article/info/2567330187"
"2025-12-16","2567273822","일반원룸","원룸","2,000","45","19.83","4/5","","","","13만원","즉시입주","","3","","마음든든공인중개사사무소","","","https://m.land.naver.com/article/info/2567273822"
"2025-12-16","2567272848","일반원룸","원룸","3,000","65","19.83","4/9","","","","10만원","즉시입주","수납공간 많은 화이트톤원룸
확인매물 2025. 12. 15.
기본 정보
보증금/월세
3,000
/
65만원","3","","구름공인중개사사무소","","","https://m.land.naver.com/article/info/2567272848"
"2025-12-16","2567319033","일반원룸","원룸","1,000","45","16.5","2/4","","","","8만원","즉시입주","","2","","무지개 부동산 공인중개사사무소","","","https://m.land.naver.com/article/info/2567319033"
"2025-12-16","2567209754","오피스텔","원룸","4,000","40","9.32","2/11","","","","8만원","즉시입주 협의 가능","빌트인 되어 있어서 편리한 주거 생활이 가능합니다.
(싱크대, 세탁기, 인덕션, 에어컨, 냉장고 등)
→조용한 주택가에","3","→버팀목, 청년 맞춤, 일반전세자금 대출 - (LH대출불가,HUG안심대출불가)
→풀","평화부동산공인중개사사무소","","","https://m.land.naver.com/article/info/2567209754"
"2025-12-16","2567309852","일반원룸","원룸","2,000","45","16.5","4/5","","","","10만원","즉시입주","원룸
확인매물 2025. 12. 15.
기본 정보
보증금/월세
2,000
/
45만원","2","","무지개 부동산 공인중개사사무소","","","https://m.land.naver.com/article/info/2567309852"
"2025-12-16","2567274873","일반원룸","원룸","5,000","39","19.83","3/3","","","","9만원","즉시입주","","3","","마음든든공인중개사사무소","","","https://m.land.naver.com/article/info/2567274873"
"2025-12-16","2567167378","일반원룸","원룸","1,000","40","19.84","2/3","","","","10만원","즉시입주","","2","","대한공인중개사사무소","","","https://m.land.naver.com/article/info/2567167378"
"2025-12-16","2567188099","일반원룸","원룸","100","36","19","고/5","","","","9만원","즉시입주","원룸 관리잘된 건물
확인매물 2025. 12. 15.
기본 정보
보증금/월세
100
/
36만원","3","","다름공인중개사사무소","","","https://m.land.naver.com/article/info/2567188099"
"2025-12-16","2567300109","일반원룸","원룸","300","30","19.83","3/3","","","","7만원","즉시입주","원룸
확인매물 2025. 12. 15.
기본 정보
보증금/월세
300
/
30만원","2","","지니공인중개사사무소","","","https://m.land.naver.com/article/info/2567300109"
"2025-12-16","2567277288","일반원룸","원룸","3,000","30","19.83","5/5","","","","15만원","즉시입주","","3","","마음든든공인중개사사무소","","","https://m.land.naver.com/article/info/2567277288"
"2025-12-16","2567339097","일반원룸","원룸","2,000","50","23.14","3/10","","","","15만원","즉시입주 협의 가능","","2","","에드원공인중개사사무소","","","https://m.land.naver.com/article/info/2567339097"
"2025-12-16","2567333658","오피스텔","원룸","50","85","19.8","3/8","","","","10만원","즉시입주 협의 가능","이 갖춘 몸만 오시면 됩니다. ***
1.","2","","와공인중개사사무소","","","https://m.land.naver.com/article/info/2567333658"
"2025-12-16","2567338293","일반원룸","원룸","2,000","25","21","2/4","","","","15만원","즉시입주 협의 가능","보증금 조절 가능 직장인 학생분들 선호지역
확인매물 2025. 12. 15.
기본 정보
보증금/월세
2,000
/
25만원","2","","에드원공인중개사사무소","","","https://m.land.naver.com/article/info/2567338293"
"2025-12-16","2567331972","일반원룸","원룸","1,000","37","18","중/4","","","","10만원","즉시입주 협의 가능","완비
→ 에어컨, 세탁기, 냉장고, 싱크대 등 즉시","3","","달빛부동산공인중개사사무소","","","https://m.land.naver.com/article/info/2567331972"
"2025-12-16","2567341565","일반원룸","원룸","5,000","26","19.8","2/3","","","","6만원","즉시입주 협의 가능","","3","","다옴공인중개사사무소","","","https://m.land.naver.com/article/info/2567341565"
"2025-12-16","2567339907","오피스텔","원룸","3,000","55","21.4","4/11","","","","18만원","즉시입주 협의 가능","큰원룸
확인매물 2025. 12. 15.
기본 정보
보증금/월세
3,000
/
55만원","2","","신연부동산공인중개사사무소","","","https://m.land.naver.com/article/info/2567339907"
"2025-12-16","2567326374","일반원룸","원룸","500","45","21.4","1/3","","","","8만원","즉시입주","","2","","뷰(View)공인중개사사무소","","","https://m.land.naver.com/article/info/2567326374"
"2025-12-16","2567341665","일반원룸","원룸","1,000","55","17.53","2/4","","","","8만원","2026년 02월 25일 협의 가능","","3","","라라 공인중개사 사무소","","","https://m.land.naver.com/article/info/2567341665"
"2025-12-16","2567297669","일반원룸","원룸","100","29","16.53","저/5","","","","9만원","즉시입주 협의 가능","","3","","장군공인중개사사무소","","","https://m.land.naver.com/article/info/2567297669"
"2025-12-16","2567317726","일반원룸","원룸","1,000","65","19.84","중/3","","","","10만원","즉시입주 협의 가능","💦.좋은동네 매력적인","2","","에드원공인중개사사무소","","","https://m.land.naver.com/article/info/2567317726"
"2025-12-16","2567157983","일반원룸","원룸","200","43","19.84","2/4","","","","7만원","즉시입주 협의 가능","은 어떻게 되어있나요??
→ 필수","2","","그때그부동산공인중개사사무소","","","https://m.land.naver.com/article/info/2567157983"
"2025-12-16","2567160865","일반원룸","원룸","500","38","23.14","고/5","","","","8만원","즉시입주","은 어떻게 되어있나요??
→ 필수","2","","그때그부동산공인중개사사무소","","","https://m.land.naver.com/article/info/2567160865"
"2025-12-16","2567279150","일반원룸","원룸","200","45","16.52","2/5","","","","15만원","즉시입주","공과금 올포함
확인매물 2025. 12. 15.
기본 정보
보증금/월세
200
/
45만원","3","","수현공인중개사사무소","","","https://m.land.naver.com/article/info/2567279150"
"2025-12-16","2567276622","일반원룸","원룸","6,500","10","13.02","4/8","","","","10만원","즉시입주","","3","","수현공인중개사사무소","","","https://m.land.naver.com/article/info/2567276622"
"2025-12-16","2567193302","일반원룸","원룸","300","45","16.71","2/5","","","","5만원","즉시입주","확인매물 2025. 12. 15.
기본 정보
보증금/월세
300
/
45만원
융자금
시세대비 30% 미만","2","💖💖💖
🔸 서울대학교, 서울대입구역 가는 버스 타기 좋은곳
🔸 신축급 깔끔한 관리 컨디션
🔸 주방분리형 풀","하나공인중개사사무소","","","https://m.land.naver.com/article/info/2567193302"
"2025-12-16","2567272942","일반원룸","원룸","1,000","60","16.52","6/10","","","","8만원","즉시입주","","3","","수현공인중개사사무소","","","https://m.land.naver.com/article/info/2567272942"
"2025-12-16","2567221818","일반원룸","원룸","2,000","33","19.84","3/6","","","","15만원","즉시입주 협의 가능","💦.좋은동네 매력적인","2","","에드원공인중개사사무소","","","https://m.land.naver.com/article/info/2567221818"
"2025-12-16","2567171660","일반원룸","원룸","300","40","23.14","3/4","","","","9만원","즉시입주","은 어떻게 되어있나요??
→ 필수","2","","그때그부동산공인중개사사무소","","","https://m.land.naver.com/article/info/2567171660"
"2025-12-16","2567163750","일반원룸","원룸","1,000","45","23.22","2/4","","","","9만원","즉시입주 협의 가능","","2","","이제공인중개사사무소","","","https://m.land.naver.com/article/info/2567163750"
"2025-12-16","2567295044","일반원룸","원룸","200","30","16.53","저/4","","","","9만원","즉시입주 협의 가능","","3","","장군공인중개사사무소","","","https://m.land.naver.com/article/info/2567295044"
"2025-12-16","2567236166","일반원룸","원룸","500","34","18.18","2/2","","","","8만원","즉시입주 협의 가능","","2","","바다부동산공인중개사사무소","","","https://m.land.naver.com/article/info/2567236166"
"2025-12-16","2567230945","일반원룸","원룸","500","30","19.83","저/3","","","","10만원","즉시입주 협의 가능","완비
#마트,편의점,카페,맛집,버스정류장 등 편의시설 인근
#2호선 봉천 초역세권
#버스 배차간격 3분이내 대중교통이 편리함
#공동현관문 및 전자도어락이 설치되어 있어 보안이 좋음
#조용한 주택가인만큼 항상 밝은 골목길이고 늦은시간 귀가가 안전함
★안녕하세요 저희 새터부동산을 찾아주셔서 진심으로 감사드립니다.
★새터부동산은 매매, 전세, 월세, 상가, 사무실 그리고 원룸등
★다양한 매물을 확보하고 있으며 언제나 고객을 먼저 생각하고 원하시는 조건에 맞는 집을 찾아드립니다 ※해당 건축물은 위반건축물입니다.
2025. 12. 15. 최초게재
부동산써브 제공
허위 매물 신고하기
건축물 정보
로딩중
시설 정보
시설 더보기
개발예정
상세내용
숨기기
구암초교앞역(2030년예정)
노선
서부선(예정)
개통
2030년 예정
거리
666
m
도보
10
분
지도보기
서울대입구역(2030년예정)
노선
서부선(예정)
개통
2030년 예정
거리
986
m
도보
15
분
지도보기
주변 분양단지
로딩중","2","","새터공인중개사사무소","","","https://m.land.naver.com/article/info/2567230945"
"2025-12-16","2567268270","일반원룸","원룸","500","41","23.2","4/4","","","","9만원","2025년 06월 05일","","2","","하임공인중개사사무소","","","https://m.land.naver.com/article/info/2567268270"
"2025-12-16","2567258015","일반원룸","원룸","1,000","56","18.18","3/5","","","","9만원","즉시입주","화이트톤원룸 봉천역 역세권
확인매물 2025. 12. 15.
기본 정보
보증금/월세
1,000
/
56만원","3","","구름공인중개사사무소","","","https://m.land.naver.com/article/info/2567258015"
"2025-12-16","2567134097","일반원룸","원룸","500","41","23.14","2/5","","","","9만원","즉시입주","","3","","채움부동산공인중개사사무소","","","https://m.land.naver.com/article/info/2567134097"
"2025-12-16","2567285678","일반원룸","원룸","100","35","16.53","저/3","","","","8만원","즉시입주","","3","","장군공인중개사사무소","","","https://m.land.naver.com/article/info/2567285678"
"2025-12-16","2567135480","일반원룸","원룸","500","41","23","2/4","","","","9만원","즉시입주","","3","","채움부동산공인중개사사무소","","","https://m.land.naver.com/article/info/2567135480"
"2025-12-16","2566955269","일반원룸","원룸","500","40","18","3/8","","","","9만원","즉시입주","- 관리 상태 우수한 오픈형 원룸 - 벽걸이에어컨, 책상, 옷장, 냉장고, 전자렌지, 인덕션, 세탁기 등
💡 교통 및 입지조건 - 지하철2호선(구디역) 도보8분~10분 버스정류장 도보3분~5분(카카오맵 기준) - 주거지역으로 조용한 환경 - 안심귀가길(경찰차 수시순찰),보행자우선도로 - 편의시설 접근성 용이 (세탁방,편의점,대형마트,병원,은행,우체국,음식점,카페 등)
💡 기타 - 주차 관련 및 보증금 조정 등은 별도","2","","The봄날공인중개사사무소","","","https://m.land.naver.com/article/info/2566955269"
"2025-12-16","2566769362","일반원룸","원룸","500","50","18","4/9","","","","9만원","즉시입주","- 관리 상태 우수한 분리형 원룸 - 벽걸이에어컨, 책상, 옷장, 냉장고, 전자렌지, 인덕션, 세탁기 등
💡 교통 및 입지조건 - 지하철2호선(구디역) 도보8분~10분 버스정류장 도보3분~5분(카카오맵 기준) - 주거지역으로 조용한 환경 - 안심귀가길(경찰차 수시순찰),보행자우선도로 - 편의시설 접근성 용이 (세탁방,편의점,대형마트,병원,은행,우체국,음식점,카페 등)
💡 기타 - 주차 관련 및 보증금 조정 등은 별도","2","","The봄날공인중개사사무소","","","https://m.land.naver.com/article/info/2566769362"
"2025-12-16","2567348025","일반원룸","원룸","5,000","40","23.14","3/9","","","","9만원","즉시입주","풀옵션으로 몸만 오셔도 바로 거주 가능","2","","로얄공인중개사사무소","","","https://m.land.naver.com/article/info/2567348025"
"2025-12-16","2567348782","일반원룸","원룸","5,000","40","26.44","3/9","","","","9만원","즉시입주","풀옵션으로 몸만 오셔도 바로 거주 가능","2","","로얄공인중개사사무소","","","https://m.land.naver.com/article/info/2567348782"
"2025-12-16","2567349776","일반원룸","원룸","5,000","40","25.5","9/9","","","","9만원","즉시입주","으로 몸만 오셔도 바로 거주 가능","2","◽깔끔한 붙박이장 인테리어 G타워 바로 뒤 구디 걸어서 출퇴근 가능!
◽풀","로얄공인중개사사무소","","","https://m.land.naver.com/article/info/2567349776"
"2025-12-16","2567422006","일반원룸","원룸","3,000","23","19.83","3/9","","","","15만원","즉시입주","구디 직장인
집주인
확인매물 2025. 12. 16.
기본 정보
보증금/월세
3,000
/
23만원","2","","이안공인중개사사무소","","","https://m.land.naver.com/article/info/2567422006"
"2025-12-16","2567350526","일반원룸","원룸","5,000","40","25.5","9/9","","","","9만원","즉시입주","으로 몸만 오셔도 바로 거주 가능","2","◽깔끔한 붙박이장 인테리어 G타워 바로 뒤 구디 걸어서 출퇴근 가능!
◽풀","로얄공인중개사사무소","","","https://m.land.naver.com/article/info/2567350526"
"2025-12-16","2567415226","일반원룸","원룸","500","40","17.55","2/3","","","","10만원","즉시입주 협의 가능","집주인
확인매물 2025. 12. 16.
기본 정보
보증금/월세
500
/
40만원","0","","골드부동산공인중개사사무소","","","https://m.land.naver.com/article/info/2567415226"
"2025-12-16","2567314858","일반원룸","원룸","1,000","45","19.84","5/8","","","","9만원","즉시입주","원룸
집주인
확인매물 2025. 12. 15.
기본 정보
보증금/월세
1,000
/
45만원
융자금
시세대비 30% 미만","2","→ 가산초 인근 구로디지털단지 걸어서 출퇴근 가능합니다.
→ 건축물대장상 지","로얄공인중개사사무소","","","https://m.land.naver.com/article/info/2567314858"
"2025-12-16","2567317230","일반원룸","원룸","500","40","22.51","2/9","","","","12만원","즉시입주 협의 가능","월세 및 보증 조절 OK
집주인
확인매물 2025. 12. 15.
기본 정보
보증금/월세
500
/
40만원
융자금
시세대비 30% 미만","2","","포커스공인중개사사무소","","","https://m.land.naver.com/article/info/2567317230"
"2025-12-16","2567318789","일반원룸","원룸","1,000","38","22.81","6/8","","","","확인 어려움","즉시입주 협의 가능","ㅁ
-옷장,인덕션,냉장고,세탁기,에어컨,전자렌지 풀","2","","포커스공인중개사사무소","","","https://m.land.naver.com/article/info/2567318789"
"2025-12-16","2567239462","일반원룸","원룸","3,000","20","23.15","6/9","","","","확인 어려움","즉시입주 협의 가능","!
▷풀","2","","포커스공인중개사사무소","","","https://m.land.naver.com/article/info/2567239462"
"2025-12-16","2567306870","일반원룸","원룸","2,000","40","19.84","2/9","","","","12만원","즉시입주","으로 몸만 오셔도 바로 거주 가능","2","◽리모델링 완료!! 깔끔한 붙박이장 인테리어 방크기에 반합니다
◽풀","로얄공인중개사사무소","","","https://m.land.naver.com/article/info/2567306870"
"2025-12-16","2567242541","일반원룸","원룸","1,000","35","18.18","8/9","","","","8만원","즉시입주","🔹 방1 욕실1
🔹","2","","이안공인중개사사무소","","","https://m.land.naver.com/article/info/2567242541"
"2025-12-16","2567236207","일반원룸","원룸","500","40","18.18","8/9","","","","8만원","즉시입주","🔹 방1 욕실1
🔹","2","","이안공인중개사사무소","","","https://m.land.naver.com/article/info/2567236207"
"2025-12-16","2567313618","일반원룸","원룸","300","40","19.84","6/9","","","","15만원","즉시입주","으로 몸만 오셔도 바로 거주 가능","2","◽구디 원룸단지 내","로얄공인중개사사무소","","","https://m.land.naver.com/article/info/2567313618"
"2025-12-16","2567313125","일반원룸","원룸","2,000","30","22.47","5/9","","","","12만원","즉시입주 협의 가능","집주인
확인매물 2025. 12. 15.
기본 정보
보증금/월세
2,000
/
30만원
융자금
시세대비 30% 미만","2","","포커스공인중개사사무소","","","https://m.land.naver.com/article/info/2567313125"
"2025-12-16","2567203569","일반원룸","원룸","3,000","33","19.83","4/8","","","","12만원","즉시입주 협의 가능","으로 몸만 오셔도 바로 거주 가능","2","◽구디 원룸단지내 가성비 있게 큰방 살 수 있는 기회!
◽풀","로얄공인중개사사무소","","","https://m.land.naver.com/article/info/2567203569"
"2025-12-16","2567308097","일반원룸","원룸","3,000","45","19.84","2/7","","","","10만원","즉시입주 협의 가능","으로 몸만 오셔도 거주 가능","2","→ All 리모델링 완료!! 구디 걸어서 출퇴근 가능 예쁜방에서 살자!
→ 풀","로얄공인중개사사무소","","","https://m.land.naver.com/article/info/2567308097"
"2025-12-16","2567256193","일반원룸","원룸","500","40","22.81","6/10","","","","확인 어려움","즉시입주 협의 가능","ㅁ
-옷장,인덕션,냉장고,세탁기,에어컨,전자렌지 풀","2","","포커스공인중개사사무소","","","https://m.land.naver.com/article/info/2567256193"
"2025-12-16","2567306482","일반원룸","원룸","300","45","18.18","4/7","","","","8만원","즉시입주 협의 가능","","2","","로얄공인중개사사무소","","","https://m.land.naver.com/article/info/2567306482"
"2025-12-16","2567105465","일반원룸","원룸","500","40","22.81","7/10","","","","확인 어려움","즉시입주 협의 가능","】 - 냉장고 , 세탁기 , 전자레인지 , 에어컨 , 도어락 등 풀","2","- 구로3동에","포커스공인중개사사무소","","","https://m.land.naver.com/article/info/2567105465"
"2025-12-16","2567306481","일반원룸","원룸","1,000","50","19.83","4/8","","","","11만원","즉시입주 협의 가능","원룸 나오면 계약되는 방
집주인
확인매물 2025. 12. 15.
기본 정보
보증금/월세
1,000
/
50만원
융자금
없음","2","→화이트톤 리모델링 완료 구디 원룸 단지내 가장 인기있는 방!
→풀","로얄공인중개사사무소","","","https://m.land.naver.com/article/info/2567306481"
"2025-12-16","2567306030","일반원룸","원룸","3,000","30","19.84","2/9","","","","12만원","즉시입주","으로 몸만 오셔도 바로 거주 가능","2","◽리모델링 완료!! 깔끔한 붙박이장 인테리어 방크기에 반합니다
◽풀","로얄공인중개사사무소","","","https://m.land.naver.com/article/info/2567306030"
"2025-12-16","2567243286","일반원룸","원룸","5,000","30","16.53","9/9","","","","11만원","즉시입주 협의 가능","원룸, 주차 가능, 보증금 조절 가능
집주인
확인매물 2025. 12. 15.
기본 정보
보증금/월세
5,000
/
30만원","2","","다온공인중개사사무소","","","https://m.land.naver.com/article/info/2567243286"
"2025-12-16","2567307282","일반원룸","원룸","2,000","30","19.84","2/8","","","","13만원","즉시입주 협의 가능","풀옵션으로 몸만 오셔도 바로 거주 가능","2","","로얄공인중개사사무소","","","https://m.land.naver.com/article/info/2567307282"
"2025-12-16","2567308102","일반원룸","원룸","1,000","40","19.84","6/8","","","","14만원","즉시입주","가성비 최강 원룸
→ 풀","2","→ 독산역 도보 10분, 현대지식산업센터 바로 옆, 풀","로얄공인중개사사무소","","","https://m.land.naver.com/article/info/2567308102"
"2025-12-16","2567206666","일반원룸","원룸","1,000","55","18.21","5/7","","","","8만원","2025년 12월 하순 협의 가능","입주협의","2","","골드부동산공인중개사사무소","","","https://m.land.naver.com/article/info/2567206666"
"2025-12-16","2567207529","일반원룸","원룸","1,000","50","17","2/5","","","","5만원","즉시입주 협의 가능","룸,평지 조용한 주택지,국민대 서경대부근,길음역5분
집주인
확인매물 2025. 12. 15.
기본 정보
보증금/월세
1,000
/
50만원
융자금
없음","3","","탑부동산공인중개사사무소","","","https://m.land.naver.com/article/info/2567207529"
"2025-12-16","2567243476","일반원룸","원룸","1,000","55","23","2/5","","","","5만원","즉시입주 협의 가능","룸,여성전용 대학생 직장인 환영,평지 조용하고 밝음,길음역5분
집주인
확인매물 2025. 12. 15.
기본 정보
보증금/월세
1,000
/
55만원","3","","탑부동산공인중개사사무소","","","https://m.land.naver.com/article/info/2567243476"
"2025-12-16","2567324949","일반원룸","원룸","1억","35","26.44","2/5","","","","6만원","즉시입주 협의 가능","","3","","평화부동산공인중개사사무소","","","https://m.land.naver.com/article/info/2567324949"
"2025-12-16","2567045161","일반원룸","원룸","1,000","55","18","1/4","","","","10만원","2026년 02월 20일 협의 가능","신축급
집주인
확인매물 2025. 12. 14.
기본 정보
보증금/월세
1,000
/
55만원
융자금
없음","3","","굿모닝공인중개사","","","https://m.land.naver.com/article/info/2567045161"
"2025-12-16","2566995658","일반원룸","원룸","1,000","45","23.1","3/3","","","","5만원","2025년 12월 25일 협의 가능",": 냉장고 세탁기 가스렌지 에어컨
🍓 전입신고가능, 확정일자 가능
📞","3","","조은공인중개사사무소","","","https://m.land.naver.com/article/info/2566995658"
"2025-12-16","2566750266","일반원룸","원룸","500","43","12","3/4","","","","7만원","2026년 02월 02일 협의 가능","","3","","해피공인중개사사무소","","","https://m.land.naver.com/article/info/2566750266"
"2025-12-16","2567024532","일반원룸","원룸","5,000","55","17.96","중/8","","","","9만원","즉시입주","이 잘 갖추어져있습니다.
보안 잘되어있고~ 인근에 편의시설이 많아 생활하기에도 편한 A급 신축입니다.
2025. 12. 15. 최초게재
피터팬의좋은방구하기 제공
허위 매물 신고하기
건축물 정보
로딩중
개발예정
상세내용
숨기기
주변 분양단지
로딩중","3","","기쁨부동산공인중개사사무소","","","https://m.land.naver.com/article/info/2567024532"
"2025-12-16","2567025665","일반원룸","원룸","3,400","51","13","4/7","","","","12만원","2026년 01월 05일 협의 가능","도시형생활주택으로 창도 커서 전망, 채광이 좋습니다.
▩ 건물주변에 CGV영화관, 대형마트, 24시 휘트니스클럽, 미용실 등.. 생활에 필요한 시설이 다 있어 편리합니다.
대로변에","3","","기쁨부동산공인중개사사무소","","","https://m.land.naver.com/article/info/2567025665"
"2025-12-16","2566984633","일반원룸","원룸","3,000","50","18","중/7","","","","8만원","2025년 01월 초순 협의 가능","확인매물 2025. 12. 13.
기본 정보
보증금/월세
3,000
/
50만원
융자금
없음","2","","영우부동산공인중개사","","","https://m.land.naver.com/article/info/2566984633"
"2025-12-16","2566937863","일반원룸","원룸","3,000","30","16.6","5/6","","","","7만원","2026년 01월 01일 협의 가능","","2","","미가리치공인중개사사무소","","","https://m.land.naver.com/article/info/2566937863"
"2025-12-16","2566796407","일반원룸","원룸","1,000","70","25","3/3","","","","10만원","2026년 02월 초순","","1","","행복한공인중개사사무소","","","https://m.land.naver.com/article/info/2566796407"
"2025-12-16","2566862109","일반원룸","원룸","2,000","100","50","4/6","","","","7만원","즉시입주 협의 가능","","1","","솔빛공인중개사무소","","","https://m.land.naver.com/article/info/2566862109"
"2025-12-16","2566759324","일반원룸","원룸","500","58","16.6","3/4","","","","7만원","즉시입주 협의 가능","확인매물 2025. 12. 12.
기본 정보
보증금/월세
500
/
58만원","2","","미가리치공인중개사사무소","","","https://m.land.naver.com/article/info/2566759324"
"2025-12-16","2567406903","일반원룸","원룸","3,000","70","46","6/7","","",":13-102","확인 어려움","즉시입주","","1","","돈암삼성(02-924-7777)단지내공인중개사사무소","","","https://m.land.naver.com/article/info/2567406903"
"2025-12-16","2567011381","일반원룸","원룸","1,000","46","14","저/7","","",":166","6만원","즉시입주","","2","","황금공인중개사사무소","","","https://m.land.naver.com/article/info/2567011381"
"2025-12-16","2566753626","일반원룸","원룸","1,000","68","26","3/4","","",":100-2","5만원","2026년 02월 18일 협의 가능","","2","","스타공인중개사사무소","","","https://m.land.naver.com/article/info/2566753626"
"2025-12-16","2567352649","일반원룸","원룸","3,000","48","20","중/3","","","","7만원","2026년 01월 03일","원룸 l여성우선
집주인
확인매물 2025. 12. 16.
기본 정보
보증금/월세
3,000
/
48만원","2","","정원부동산공인중개사사무소","","","https://m.land.naver.com/article/info/2567352649"
"2025-12-16","2567334399","일반원룸","원룸","500","60","24","2/6","","","","8만원","즉시입주 협의 가능","원룸
집주인
확인매물 2025. 12. 15.
기본 정보
보증금/월세
500
/
60만원","3","","타임부동산공인중개사사무소","","","https://m.land.naver.com/article/info/2567334399"
"2025-12-16","2567292225","기타","원룸","1,000","50","16.52","2/7","","","","7만원","즉시입주","","3","","까치공인중개사사무소","","","https://m.land.naver.com/article/info/2567292225"
"2025-12-16","2567297794","일반원룸","원룸","4,000","20","16.5","2/5","","","","5만원","2025년 01월 12일 협의 가능","원룸,엘베0,주차0 컨디션 최고
집주인
확인매물 2025. 12. 15.
기본 정보
보증금/월세
4,000
/
20만원","3","","타임부동산공인중개사사무소","","","https://m.land.naver.com/article/info/2567297794"
"2025-12-16","2566869955","일반원룸","원룸","500","40","15","2/7","","","","7만원","2026년 01월 05일 협의 가능","원룸","2","","수유역대박부동산(02-908-8100)공인중개사사무소","","","https://m.land.naver.com/article/info/2566869955"
"2025-12-16","2566949878","일반원룸","원룸","300","35","16","B1/4","","","","5만원","즉시입주","원룸
집주인
확인매물 2025. 12. 13.
기본 정보
보증금/월세
300
/
35만원","3","","우주공인중개사사무소","","","https://m.land.naver.com/article/info/2566949878"
"2025-12-16","2567001958","도시형생활주택","원룸","3,000","120","39.84","4/8","","","","7만원","즉시입주","","3","","가연공인중개사사무소","","","https://m.land.naver.com/article/info/2567001958"
"2025-12-16","2567007034","일반원룸","원룸","5,500","30","29","2/4","","","","6만원","즉시입주","","3","","가연공인중개사사무소","","","https://m.land.naver.com/article/info/2567007034"
"2025-12-16","2566947517","일반원룸","원룸","300","35","16","B1/4","","","","5만원","즉시입주","원룸
집주인
확인매물 2025. 12. 13.
기본 정보
보증금/월세
300
/
35만원","3","","우주공인중개사사무소","","","https://m.land.naver.com/article/info/2566947517"
"2025-12-16","2566799491","일반원룸","원룸","300","40","18","B1/3","","","","6만원","즉시입주 협의 가능","","3","","타임부동산공인중개사사무소","","","https://m.land.naver.com/article/info/2566799491"
"2025-12-16","2567364192","일반원룸","원룸","5,000","60","30","3/5","","","","7만원","2026년 02월 02일",": 풀","3","","집토스부동산중개 수유본점","","","https://m.land.naver.com/article/info/2567364192"
"2025-12-16","2567211119","일반원룸","원룸","200","25","25.7","B1/2","","","","1만 5,000원","즉시입주 협의 가능","","1","","부동산이즈북서울자이공인중개사사무소","","","https://m.land.naver.com/article/info/2567211119"
"2025-12-16","2567023997","일반원룸","원룸","500","55","31","1/3","","","","5만원","즉시입주","조용한 주택가
확인매물 2025. 12. 15.
기본 정보
보증금/월세
500
/
55만원
융자금
시세대비 30% 미만","3","","성원부동산공인중개사사무소","","","https://m.land.naver.com/article/info/2567023997"
"2025-12-16","2567119857","일반원룸","원룸","3,000","40","23.4","3/5","","","","9만원","즉시입주","! 몸만오세요~
✔ 공동현관 및 CCTV 설치로 안전 !
✔ (주차) 대장상 1대 주차가능하며, 현재 불가능합니다.
✅보증금,월세 조정 확인 도와드리겠습니다 :)
2025. 12. 15. 최초게재
부동산뱅크 제공
허위 매물 신고하기
건축물 정보
로딩중
시설 정보
시설 더보기
주변 분양단지
로딩중","2","","올집공인중개사사무소","","","https://m.land.naver.com/article/info/2567119857"
"2025-12-16","2567192187","일반원룸","원룸","4,000","27","20","3/3","","","","8만원","즉시입주","","2","","올집공인중개사사무소","","","https://m.land.naver.com/article/info/2567192187"
"2025-12-16","2567000697","일반원룸","원룸","500","60","21.48","2/6","","","","8만원","즉시입주 협의 가능","넓은 원룸 엘베
확인매물 2025. 12. 13.
기본 정보
보증금/월세
500
/
60만원","2","","대성공인중개사사무소","","","https://m.land.naver.com/article/info/2567000697"
"2025-12-16","2567009651","일반원룸","원룸","1,000","49","19","3/3","","","","5만원","즉시입주","샤방샤방 여성분 안전 즉시","3","","성원부동산공인중개사사무소","","","https://m.land.naver.com/article/info/2567009651"
"2025-12-16","2566958125","일반원룸","원룸","300","37","16.52","B1/3","","","","5만원","즉시입주","","2","","비전부동산공인중개사사무소","","","https://m.land.naver.com/article/info/2566958125"
"2025-12-16","2567010950","일반원룸","원룸","200","38","16","2/4","","","","6만원","즉시입주","즉시","3","","성원부동산공인중개사사무소","","","https://m.land.naver.com/article/info/2567010950"
"2025-12-16","2567011218","일반원룸","원룸","500","50","19.83","2/4","","","","5만원","즉시입주","주인분 좋으심 다른 다양한매물을 한번에 같이비교해가며 보여드립니다. ▶젊고 스마트한","3","","성원부동산공인중개사사무소","","","https://m.land.naver.com/article/info/2567011218"
"2025-12-16","2566884806","오피스텔","원룸","1,000","75","26.45","12/15","","","","15만원","2025년 11월 01일","주차가능
확인매물 2025. 12. 13.
기본 정보
보증금/월세
1,000
/
75만원","1","","써니부동산공인중개사사무소","","","https://m.land.naver.com/article/info/2566884806"
"2025-12-16","2566838114","일반원룸","원룸","500","38","16.52","B1/3","","","","5만원","2025년 12월 05일","","3","","수유역공인중개사사무소","","","https://m.land.naver.com/article/info/2566838114"
"2025-12-16","2566796571","일반원룸","원룸","1,000","43","14.04","5/6","","","","5만원","2026년 02월 07일 협의 가능","원룸 월세
확인매물 2025. 12. 12.
기본 정보
보증금/월세
1,000
/
43만원","3","","나은공인중개사사무소","","","https://m.land.naver.com/article/info/2566796571"
"2025-12-16","2566696830","일반원룸","원룸","1,000","95","17.87","11/13","","","","8만원","즉시입주","o , 빠른이사
확인매물 2025. 12. 12.
기본 정보
보증금/월세
1,000
/
95만원","3","","집토스부동산중개 수유본점","","","https://m.land.naver.com/article/info/2566696830"
"2025-12-16","2566737018","일반원룸","원룸","2,500","25","15","2/3","","","","5만원","2025년 12월 03일 협의 가능","컨디션좋은방,반려동물협의
확인매물 2025. 12. 12.
기본 정보
보증금/월세
2,500
/
25만원","2","","정원부동산공인중개사사무소","","","https://m.land.naver.com/article/info/2566737018"
"2025-12-16","2563704488","도시형생활주택","원룸","2,000","52","30.03","중/6","","","","5만원","즉시입주",": 세탁기, 냉장고, 에어컨, 가스렌지, 신발장
&gt; 애완동물 불가
2025. 11. 26. 최초게재
알터 제공
허위 매물 신고하기
건축물 정보
로딩중
주변 분양단지
로딩중","0","","참조은공인중개사사무소","","","https://m.land.naver.com/article/info/2563704488"
"2025-12-16","2567044761","일반원룸","원룸","1,000","70","20","4/4","","","","15만원","즉시입주 협의 가능","공과금(전기+수도+도시가스+인터넷) 포함해서 10만원을 납부하시면 되기
때문에 마음껏 사용하셔도 된답니다.
2025. 12. 16. 최초게재
부동산써브 제공
허위 매물 신고하기
건축물 정보
로딩중
시설 정보
시설 더보기
주변 분양단지
로딩중","3","","굿모닝공인중개사","","","https://m.land.naver.com/article/info/2567044761"
"2025-12-16","2567042095","일반원룸","원룸","500","50","18","5/5","","","","10만원","2025년 02월 22일","","3","","신화공인중개사사무소","","","https://m.land.naver.com/article/info/2567042095"
"2025-12-16","2567190423","일반원룸","원룸","1,000","49","18","저/5","","","","10만원","2026년 02월 27일","원룸
📍","3","","굿모닝공인중개사","","","https://m.land.naver.com/article/info/2567190423"
"2025-12-16","2567323191","일반원룸","원룸","1,000","49","16.5","B1/4","","","","10만원","2026년 02월 08일 협의 가능","원룸
집주인
확인매물 2025. 12. 15.
기본 정보
보증금/월세
1,000
/
49만원","3","","미래공인중개사사무소","","","https://m.land.naver.com/article/info/2567323191"
"2025-12-16","2567038825","일반원룸","원룸","1,000","50","18","저/4","","","","8만원","2026년 02월 26일","원룸입니다.
보증금 500만원 / 월세 50만원 /","3","","굿모닝공인중개사","","","https://m.land.naver.com/article/info/2567038825"
"2025-12-16","2567042273","일반원룸","원룸","500","45","20","3/4","","","","11만원","2026년 02월 20일 협의 가능","","3","","신화공인중개사사무소","","","https://m.land.naver.com/article/info/2567042273"
"2025-12-16","2567044734","일반원룸","원룸","1,000","60","18","4/5","","","","5만원","2026년 02월 20일","정릉시장
집주인
확인매물 2025. 12. 14.
기본 정보
보증금/월세
1,000
/
60만원
융자금
없음","3","","굿모닝공인중개사","","","https://m.land.naver.com/article/info/2567044734"
"2025-12-16","2567209948","일반원룸","원룸","1,000","60","20","2/5","","","","5만원","2026년 01월 11일 협의 가능","","3","","대경힐스테이트(02-915-8949)공인중개사사무소","","","https://m.land.naver.com/article/info/2567209948"
"2025-12-16","2567045634","일반원룸","원룸","500","45","18","저/3","","","","5만원","2025년 12월 22일 협의 가능","도 잘 갖춰져 있어
개인 용품만 가지고 오시면 바로 생활이 가능하답니다.
국민대는 도보로 10분이면 정문,후문에 도착하며,큰 길가에서도 멀지 않답니다.
전기와 도시가스는 개별로 되어 있어 사용하신 만큼 납부하시면 된답니다.
2025. 12. 14. 최초게재
부동산써브 제공
허위 매물 신고하기
건축물 정보
로딩중
시설 정보
시설 더보기
주변 분양단지
로딩중","3","","굿모닝공인중개사","","","https://m.land.naver.com/article/info/2567045634"
"2025-12-16","2567237325","일반원룸","원룸","500","40","15.5","1/7","","","","10만원","즉시입주","1","3","","탑부동산공인중개사사무소","","","https://m.land.naver.com/article/info/2567237325"
"2025-12-16","2567041803","일반원룸","원룸","500","40","14.1","3/3","","","","10만원","2026년 02월 20일 협의 가능","","3","","신화공인중개사사무소","","","https://m.land.naver.com/article/info/2567041803"
"2025-12-16","2566931340","일반원룸","원룸","1,000","46","18","1/5","","","","7만원","2026년 02월 20일","보안이 완벽한 원룸
집주인
확인매물 2025. 12. 13.
기본 정보
보증금/월세
1,000
/
46만원
융자금
없음","3","","굿모닝공인중개사","","","https://m.land.naver.com/article/info/2566931340"
"2025-12-16","2567014842","일반원룸","원룸","1,000","70","19.5","4/5","","","","5만원","2026년 02월 21일 협의 가능","원룸
집주인
확인매물 2025. 12. 13.
기본 정보
보증금/월세
1,000
/
70만원","3","","미래공인중개사사무소","","","https://m.land.naver.com/article/info/2567014842"
"2025-12-16","2566711641","일반원룸","원룸","500","35","15","2/5","","","","5만원","2026년 02월 25일 협의 가능","큰길가
집주인
확인매물 2025. 12. 12.
기본 정보
보증금/월세
500
/
35만원
융자금
없음","3","","굿모닝공인중개사","","","https://m.land.naver.com/article/info/2566711641"
"2025-12-16","2566786111","일반원룸","원룸","2,000","52","17","2/4","","","","10만원","2026년 01월 15일 협의 가능","","3","","해피공인중개사사무소","","","https://m.land.naver.com/article/info/2566786111"
"2025-12-16","2567266634","일반원룸","원룸","5,000","35","14.07","3/4","","","","7만원","2026년 02월 28일 협의 가능","","3","","신화공인중개사사무소","","","https://m.land.naver.com/article/info/2567266634"
"2025-12-16","2567265131","일반원룸","원룸","3,000","45","14.07","3/4","","","","7만원","2025년 06월 11일 협의 가능","","3","","신화공인중개사사무소","","","https://m.land.naver.com/article/info/2567265131"
"2025-12-16","2567037029","오피스텔","원룸","1,000","51","17.36","중/6","","","","9만원","2026년 02월 22일","정문앞
확인매물 2025. 12. 15.
기본 정보
보증금/월세
1,000
/
51만원","3","","굿모닝공인중개사","","","https://m.land.naver.com/article/info/2567037029"
"2025-12-16","2566818383","일반원룸","원룸","1,000","60","19","3/3","","","","10만원","2025년 01월 30일","복층형 원룸","2","","갤럭시A 부동산중개","","","https://m.land.naver.com/article/info/2566818383"
"2025-12-16","2565608092","일반원룸","원룸","2,000","50","20","2/3","","","","10만원","2026년 02월 20일",": 풀","3","","집토스부동산중개 수유본점","","","https://m.land.naver.com/article/info/2565608092"
"2025-12-16","2565383231","일반원룸","원룸","1,000","48","19.85","3/3","","","","7만원","2026년 02월 10일","- 에어컨, 세탁기, 냉장고, 인덕션, 싱크대, 옷장, 신발장, 침대
📌추가사항
- 4호선 이용을 원하시는 분
- 화이트톤의 깔끔한 오픈형 원룸
- 채광 좋은 집 찾으시는 분
- 대로변 근처라 저녁에도 유동인구 많아요!
- 공동현관 도어락 및 CCTV 등 보안시설이 완비된 안.전.한 건물입니다!
- 건축물대장상 총 주차 대수 3대이며, 주차 불가능합니다.
2025. 12. 5. 최초게재
피터팬의좋은방구하기 제공
허위 매물 신고하기
건축물 정보
로딩중
시설 정보
시설 더보기
주변 분양단지
로딩중","3","","집토스부동산중개 수유본점","","","https://m.land.naver.com/article/info/2565383231"
"2025-12-16","2565138220","도시형생활주택","원룸","1,147","69","17.1","저/4","","","","8만 8,150원","2026년 01월 25일 협의 가능","렌탈비6만원+","3","","미래공인중개사사무소","","","https://m.land.naver.com/article/info/2565138220"
"2025-12-16","2565138471","도시형생활주택","원룸","1,014","68","14.89","4/4","","","","7만 6,750원","2026년 02월 21일 협의 가능","원룸,숲세권
확인매물 2025. 12. 04.
기본 정보
보증금/월세
1,014
/
68만원
융자금
시세대비 30% 미만","3","","미래공인중개사사무소","","","https://m.land.naver.com/article/info/2565138471"
"2025-12-16","2564904842","일반원룸","원룸","1,000","47","23.1","2/4","","","","8만원","2025년 02월 01일 협의 가능","인기 많은 깔끔한 원룸 ✅ 엘베 현관보안 cctv까지 구비완료/ 국민대에서 저렴한방!!!!!!
주차는 대장상 5대이지만, 현재 불가합니다.
2025. 12. 2. 최초게재
부동산뱅크 제공
허위 매물 신고하기
건축물 정보
로딩중
시설 정보
시설 더보기
주변 분양단지
로딩중","2","","올집공인중개사사무소","","","https://m.land.naver.com/article/info/2564904842"
"2025-12-16","2564353319","일반원룸","원룸","1,000","58","22","3/3","","","","7만원","2026년 02월 10일","깔끔 ss급 선착순
확인매물 2025. 11. 29.
기본 정보
보증금/월세
1,000
/
58만원","3","","집토스부동산중개 수유본점","","","https://m.land.naver.com/article/info/2564353319"
"2025-12-16","2567284536","일반원룸","원룸","1,000","45","24","2/2","","",":888-1","10만원","2025년 02월 05일 협의 가능","","3","","신화공인중개사무소","","","https://m.land.naver.com/article/info/2567284536"
"2025-12-16","2567424847","일반원룸","원룸","1,000","45","24","1/4","","","","10만원","2025년 12월 31일 협의 가능","","2","","월드공인중개사사무소","","","https://m.land.naver.com/article/info/2567424847"
"2025-12-16","2567413995","일반원룸","원룸","1,000","40","22","4/5","","","","15만원","2025년 01월 31일 협의 가능","","2","","월드공인중개사사무소","","","https://m.land.naver.com/article/info/2567413995"
"2025-12-16","2567432063","일반원룸","원룸","1,000","45","20","3/6","","","","10만원","2026년 01월 01일 협의 가능","","0","","월드공인중개사사무소","","","https://m.land.naver.com/article/info/2567432063"
"2025-12-16","2567098290","일반원룸","원룸","1,000","50","18","2/4","","","","8만원","2026년 02월 24일 협의 가능","","3","","해피공인중개사사무소","","","https://m.land.naver.com/article/info/2567098290"
"2025-12-16","2567126631","일반원룸","원룸","3,000","95","24.74","3/5","","","","11만원","2026년 01월 30일 협의 가능","","3","","해피공인중개사사무소","","","https://m.land.naver.com/article/info/2567126631"
"2025-12-16","2566980867","일반원룸","원룸","1,000","35","19.83","2/5","","","","15만원","즉시입주 협의 가능","버스정류장2분 편세권 원룸
집주인
확인매물 2025. 12. 13.
기본 정보
보증금/월세
1,000
/
35만원
융자금
없음","3","","반석공인중개사사무소","","","https://m.land.naver.com/article/info/2566980867"
"2025-12-16","2566926007","도시형생활주택","원룸","500","53","12.39","2/5","","","","6만원","2026년 01월 03일 협의 가능","","3","","굿모닝공인중개사","","","https://m.land.naver.com/article/info/2566926007"
"2025-12-16","2566980346","일반원룸","원룸","1,000","45","19.83","1/5","","","","15만원","즉시입주 협의 가능","2분 베란다 있는 비교적 넓은 원룸
집주인
확인매물 2025. 12. 13.
기본 정보
보증금/월세
1,000
/
45만원
융자금
없음","3","","반석공인중개사사무소","","","https://m.land.naver.com/article/info/2566980346"
"2025-12-16","2566842235","일반원룸","원룸","1,000","45","17.16","5/6","","","","10만원","즉시입주 협의 가능","","3","","좋은집공인중개사사무소","","","https://m.land.naver.com/article/info/2566842235"
"2025-12-16","2566830476","일반원룸","원룸","1,000","40","23","2/3","","","","5만원","2026년 01월 30일 협의 가능","","2","","월드공인중개사사무소","","","https://m.land.naver.com/article/info/2566830476"
"2025-12-16","2566844603","일반원룸","원룸","1,000","40","20","3/4","","","","15만원","즉시입주 협의 가능","서경대 도보 3분 거리
집주인
확인매물 2025. 12. 12.
기본 정보
보증금/월세
1,000
/
40만원","3","","좋은집공인중개사사무소","","","https://m.land.naver.com/article/info/2566844603"
"2025-12-16","2566863284","일반원룸","원룸","1,000","45","20","2/4","","","","7만원","2026년 01월 04일 협의 가능","","3","","해피공인중개사사무소","","","https://m.land.naver.com/article/info/2566863284"
"2025-12-16","2566823567","일반원룸","원룸","1,000","40","19.8","2/3","","","","5만원","2026년 01월 20일 협의 가능","-전기, 가스요금 별도
2025. 12. 12. 최초게재
부동산써브 제공
허위 매물 신고하기
건축물 정보
로딩중
시설 정보
시설 더보기
주변 분양단지
로딩중","3","","좋은집공인중개사사무소","","","https://m.land.naver.com/article/info/2566823567"
"2025-12-16","2566785574","일반원룸","원룸","1,000","60","23.1","5/6","","","","10만원","2026년 01월 25일 협의 가능","-전기요금 별도
-","3","","좋은집공인중개사사무소","","","https://m.land.naver.com/article/info/2566785574"
"2025-12-16","2566609433","일반원룸","원룸","5,000","30","16.5","2/4","","","","7만원","2026년 01월 24일 협의 가능","원룸 엘베
집주인
확인매물 2025. 12. 11.
기본 정보
보증금/월세
5,000
/
30만원","3","","미래공인중개사사무소","","","https://m.land.naver.com/article/info/2566609433"
"2025-12-16","2566279841","일반원룸","원룸","3,000","45","16.5","중/5","","","","7만원","즉시입주 협의 가능","원룸,엘베,2년계약
집주인
확인매물 2025. 12. 10.
기본 정보
보증금/월세
3,000
/
45만원","3","","미래공인중개사사무소","","","https://m.land.naver.com/article/info/2566279841"
"2025-12-16","2566301517","일반원룸","원룸","500","53","17.16","2/4","","","","7만원","2026년 02월 24일 협의 가능","서경대 도보 4분 거리
집주인
확인매물 2025. 12. 10.
기본 정보
보증금/월세
500
/
53만원
융자금
없음","3","","좋은집공인중개사사무소","","","https://m.land.naver.com/article/info/2566301517"
"2025-12-16","2566133729","일반원룸","원룸","500","50","17","2/3","","","","7만원","2026년 02월 24일 협의 가능","","3","","좋은집공인중개사사무소","","","https://m.land.naver.com/article/info/2566133729"
"2025-12-16","2566111365","일반원룸","원룸","500","40","15","B1/3","","","","7만원","2026년 02월 21일 협의 가능","","3","","좋은집공인중개사사무소","","","https://m.land.naver.com/article/info/2566111365"
"2025-12-16","2566273450","일반원룸","원룸","500","35","20","B1/4","","","","6만원","2026년 02월 26일 협의 가능","","3","","해피공인중개사사무소","","","https://m.land.naver.com/article/info/2566273450"
"2025-12-16","2566101527","일반원룸","원룸","1,000","50","17.16","2/4","","","","8만원","2026년 02월 25일 협의 가능","","3","","좋은집공인중개사사무소","","","https://m.land.naver.com/article/info/2566101527"
"2025-12-16","2566085099","일반원룸","원룸","1,000","40","16.5","1/5","","","","15만원","2026년 01월 11일 협의 가능","베란다가 있어 활용도가 좋아요
집주인
확인매물 2025. 12. 09.
기본 정보
보증금/월세
1,000
/
40만원
융자금
없음","3","","좋은집공인중개사사무소","","","https://m.land.naver.com/article/info/2566085099"
"2025-12-16","2566164113","일반원룸","원룸","1,000","40","19.8","1/5","","","","15만원","2026년 01월 10일 협의 가능","원룸
집주인
확인매물 2025. 12. 09.
기본 정보
보증금/월세
1,000
/
40만원","3","","미래공인중개사사무소","","","https://m.land.naver.com/article/info/2566164113"
"2025-12-16","2565933902","일반원룸","원룸","1,000","40","19.83","1/5","","","","15만원","2025년 01월 10일 협의 가능","버스정류장2분 편세권 원룸 남향임
집주인
확인매물 2025. 12. 08.
기본 정보
보증금/월세
1,000
/
40만원
융자금
없음","3","","반석공인중개사사무소","","","https://m.land.naver.com/article/info/2565933902"
"2025-12-16","2565880707","일반원룸","원룸","3,000","45","19.8","2/3","","","","7만원","즉시입주 협의 가능","원룸
집주인
확인매물 2025. 12. 08.
기본 정보
보증금/월세
3,000
/
45만원
융자금
시세대비 30% 미만","3","","미래공인중개사사무소","","","https://m.land.naver.com/article/info/2565880707"
"2025-12-16","2565503356","도시형생활주택","원룸","500","53","18","2/5","","","","6만원","2025년 12월 16일","(풀","3","","굿모닝공인중개사","","","https://m.land.naver.com/article/info/2565503356"
"2025-12-16","2566219216","일반원룸","원룸","300","50","18","중/4","","","","없음","2025년 12월 21일 협의 가능","","3","","청수부동산공인중개사사무소","","","https://m.land.naver.com/article/info/2566219216"
"2025-12-16","2565417918","도시형생활주택","원룸","3,000","88","26","3/5","","","","11만원","즉시입주 협의 가능","편리한교통역세권 신축
집주인
확인매물 2025. 12. 05.
기본 정보
보증금/월세
3,000
/
88만원","3","","단지내대우로얄공인중개사사무소","","","https://m.land.naver.com/article/info/2565417918"
"2025-12-16","2567193313","일반원룸","원룸","2,000","42","24","2/3","","","","10만원","즉시입주","","2","","올집공인중개사사무소","","","https://m.land.naver.com/article/info/2567193313"
"2025-12-16","2566368574","일반원룸","원룸","3,000","65","20","고/4","","","","7만원","2026년 01월 중순 협의 가능","","3","","태양(02-915-3030)공인중개사사무소","","","https://m.land.naver.com/article/info/2566368574"
"2025-12-16","2567120542","일반원룸","원룸","1,000","40","24","4/5","","","","10만원","즉시입주","! 몸만오세요~
✔ 공동현관 및 CCTV 설치로 안전 !
✔ (주차) 대장상 6대 주차가능하며, 현재 불가능합니다.
✅ 보증금(월세)","2","","올집공인중개사사무소","","","https://m.land.naver.com/article/info/2567120542"
"2025-12-16","2567092756","일반원룸","원룸","1,000","55","20","3/4","","","","7만원","2026년 02월 20일 협의 가능","","3","","해피공인중개사사무소","","","https://m.land.naver.com/article/info/2567092756"
"2025-12-16","2565101177","도시형생활주택","원룸","500","53","18","2/5","","","","6만원","2026년 02월 28일","(풀","3","","굿모닝공인중개사","","","https://m.land.naver.com/article/info/2565101177"
"2025-12-16","2566365403","일반원룸","원룸","5,000","55","20","3/4","","","","7만원","2026년 02월 하순 협의 가능","","3","","태양(02-915-3030)공인중개사사무소","","","https://m.land.naver.com/article/info/2566365403"
"2025-12-16","2566974514","일반원룸","원룸","500","45","20","1/4","","","","확인 어려움","즉시입주","","3","","청수부동산공인중개사사무소","","","https://m.land.naver.com/article/info/2566974514"
"2025-12-16","2564956130","일반원룸","원룸","1,000","40","16.9","1/3","","","","5만원","즉시입주 협의 가능","집주인
확인매물 2025. 12. 03.
기본 정보
보증금/월세
1,000
/
40만원","3","","길음뉴타운래미안공인중개사사무소","","","https://m.land.naver.com/article/info/2564956130"
"2025-12-16","2564798266","일반원룸","원룸","500","45","16.5","1/4","","","","9만원","2026년 01월 10일 협의 가능","원룸 가성비 최고
집주인
확인매물 2025. 12. 02.
기본 정보
보증금/월세
500
/
45만원","3","","미래공인중개사사무소","","","https://m.land.naver.com/article/info/2564798266"
"2025-12-16","2564802704","일반원룸","원룸","1,000","45","17","고/4","","","","10만원","2026년 02월 중순 협의 가능","밝은원룸,버스1분,안전한 대로변입니다
집주인
확인매물 2025. 12. 02.
기본 정보
보증금/월세
1,000
/
45만원","3","","탑부동산공인중개사사무소","","","https://m.land.naver.com/article/info/2564802704"
"2025-12-16","2564407181","도시형생활주택","원룸","300","40","12.7","B1/5","","","","1만원","즉시입주","서경대7분,엘리베이터있음,주차가능,직장인 서경대생 환영
집주인
확인매물 2025. 12. 01.
기본 정보
보증금/월세
300
/
40만원
융자금
없음","3","","탑부동산공인중개사사무소","","","https://m.land.naver.com/article/info/2564407181"
"2025-12-16","2566595031","일반원룸","원룸","5,000","55","19","3/4","","","","7만원","2026년 02월 16일","확인매물 2025. 12. 11.
기본 정보
보증금/월세
5,000
/
55만원","2","","갤럭시A 부동산중개","","","https://m.land.naver.com/article/info/2566595031"
"2025-12-16","2566329899","일반원룸","원룸","3,000","95","24.74","3/5","","","","11만원","2026년 01월 20일","","2","","갤럭시A 부동산중개","","","https://m.land.naver.com/article/info/2566329899"
"2025-12-16","2564339847","일반원룸","원룸","500","42","16.5","3/4","","","","12만원","2025년 12월 20일 협의 가능","원룸 가성비 최고
집주인
확인매물 2025. 11. 29.
기본 정보
보증금/월세
500
/
42만원","3","","미래공인중개사사무소","","","https://m.land.naver.com/article/info/2564339847"
"2025-12-16","2566342159","일반원룸","원룸","5,500","45","19","3/4","","","","7만원","2026년 01월 26일","","2","","갤럭시A 부동산중개","","","https://m.land.naver.com/article/info/2566342159"
"2025-12-16","2566353318","일반원룸","원룸","350","45","21.4","3/4","","","","5만원","2026년 01월 14일 협의 가능","","2","","갤럭시A 부동산중개","","","https://m.land.naver.com/article/info/2566353318"
"2025-12-16","2566177301","일반원룸","원룸","1,000","55","18","중/5","","","","7만원","2025년 12월 31일 협의 가능","원룸
확인매물 2025. 12. 09.
기본 정보
보증금/월세
1,000
/
55만원
융자금
없음","3","","미래공인중개사사무소","","","https://m.land.naver.com/article/info/2566177301"
"2025-12-16","2566351699","일반원룸","원룸","3,000","30","16.5","2/3","","","","5만원","즉시입주 협의 가능","이고 채광이 좋아 환기가 잘됩니다.
2025. 12. 10. 최초게재
부동산뱅크 제공
허위 매물 신고하기
건축물 정보
로딩중
시설 정보
주변 분양단지
로딩중","2","","갤럭시A 부동산중개","","","https://m.land.naver.com/article/info/2566351699"
"2025-12-16","2566332074","일반원룸","원룸","5,000","65","19","4/4","","","","7만원","2026년 01월 30일","확인매물 2025. 12. 10.
기본 정보
보증금/월세
5,000
/
65만원","2","","갤럭시A 부동산중개","","","https://m.land.naver.com/article/info/2566332074"
"2025-12-16","2566323515","일반원룸","원룸","1,000","55","19.5","B1/5","","","","7만원","2025년 02월 26일","","2","","갤럭시A 부동산중개","","","https://m.land.naver.com/article/info/2566323515"
"2025-12-16","2566078606","일반원룸","원룸","5,000","45","20","저/4","","","","7만원","2026년 02월 중순 협의 가능","","3","","단지내대우로얄공인중개사사무소","","","https://m.land.naver.com/article/info/2566078606"
"2025-12-16","2566082820","일반원룸","원룸","5,000","60","20","고/4","","","","7만원","2026년 02월 하순 협의 가능","원룸 역 1분 상태 최상 서경대 국민대 인근
확인매물 2025. 12. 09.
기본 정보
보증금/월세
5,000
/
60만원","3","","단지내대우로얄공인중개사사무소","","","https://m.land.naver.com/article/info/2566082820"
"2025-12-16","2565749061","일반원룸","원룸","3,000","50","22.14","3/4","","","","7만원","즉시입주","구비되어 바로","2","","올집공인중개사사무소","","","https://m.land.naver.com/article/info/2565749061"
"2025-12-16","2565540846","일반원룸","원룸","1,000","45","20","저/3","","","","5만원","2025년 12월 27일",": 냉장고, 세탁기, 에어컨, 옷장, 신발장, Tv
- 동일 금액대비 최상의 원룸 퀄리티!!
- 관리 잘되는 집으로 조용함
- 역세권 풀","3","","다올부동산","","","https://m.land.naver.com/article/info/2565540846"
"2025-12-16","2565538053","일반원룸","원룸","1,000","40","15","고/2","","","","5만원","즉시입주 협의 가능",".입주협의.상태 최상급.","1","","킴스공인중개사사무소","","","https://m.land.naver.com/article/info/2565538053"
"2025-12-16","2565475376","일반원룸","원룸","300","40","15","중/5","","","","없음","즉시입주 협의 가능","","1","","킴스공인중개사사무소","","","https://m.land.naver.com/article/info/2565475376"
"2025-12-16","2565383239","일반원룸","원룸","500","45","19","2/4","","","","9만원","2026년 02월 03일","- 에어컨, 세탁기, 냉장고, 인덕션, 싱크대, 옷장, 신발장, 침대
📌추가사항
- 국민대 서경대 학생을 위한 방
- 화이트톤의 깔끔한 오픈형 원룸
- 채광 좋은 집 찾으시는 분
- 대로변 근처라 저녁에도 유동인구 많아요!
- 공동현관 도어락 및 CCTV 등 보안시설이 완비된 안.전.한 건물입니다!
- 건축물대장상 총 주차 대수 2대이며, 주차 불가능합니다.
2025. 12. 5. 최초게재
피터팬의좋은방구하기 제공
허위 매물 신고하기
건축물 정보
로딩중
시설 정보
시설 더보기
주변 분양단지
로딩중","3","","집토스부동산중개 수유본점","","","https://m.land.naver.com/article/info/2565383239"
"2025-12-16","2565380125","일반원룸","원룸","3,000","50","20","2/4","","","","7만원","2026년 02월 20일",": 풀","3","","집토스부동산중개 수유본점","","","https://m.land.naver.com/article/info/2565380125"
"2025-12-16","2564825822","일반원룸","원룸","500","32","15","중/6","","","","4만원","즉시입주 협의 가능","","3","","킴스공인중개사사무소","","","https://m.land.naver.com/article/info/2564825822"
"2025-12-16","2564887468","일반원룸","원룸","500","45","18","3/5","","","","10만원","즉시입주","원룸. 즉시","1","","킴스공인중개사사무소","","","https://m.land.naver.com/article/info/2564887468"
"2025-12-16","2564811913","일반원룸","원룸","500","48","20","3/3","","","","없는 가성비굿 실속풀옵션 사계절북한산뷰 서경대도보3분","즉시입주 협의 가능","사계절북한산뷰 서경대도보3분
확인매물 2025. 12. 02.
기본 정보
보증금/월세
500
/
48만원
융자금
없음","3","","길음롯데캐슬919-2459공인중개사","","","https://m.land.naver.com/article/info/2564811913"
"2025-12-16","2564820676","일반원룸","원룸","4,000","35","17.77","4/5","","","","8만원","즉시입주",": 풀","3","","집토스부동산중개 수유본점","","","https://m.land.naver.com/article/info/2564820676"
"2025-12-16","2564704463","일반원룸","원룸","1,000","40","18","2/3","","","","5만원","2026년 02월 10일",": 풀","3","","집토스부동산중개 수유본점","","","https://m.land.naver.com/article/info/2564704463"
"2025-12-16","2564705116","일반원룸","원룸","5,000","43","23","3/4","","","","7만원","2025년 12월 30일",": 풀","3","","집토스부동산중개 수유본점","","","https://m.land.naver.com/article/info/2564705116"
"2025-12-16","2564916453","일반원룸","원룸","1,000","40","16","1/3","","","","5만원","2026년 01월 30일","원룸입니다
★보증금대출도 가능합니다
★","2","","위너부동산공인중개사사무소","","","https://m.land.naver.com/article/info/2564916453"
"2025-12-16","2564915948","일반원룸","원룸","1,000","40","17","1/3","","","","5만원","2025년 02월 28일","원룸입니다
★보증금대출도 가능합니다
★월세 반전세도 가능합니다
★서경대 실용음악/뮤지컬/헤어 메이크업등등 학생들 인기 많은곳 입니다
★진정한 풀","2","","위너부동산공인중개사사무소","","","https://m.land.naver.com/article/info/2564915948"
"2025-12-16","2564390505","일반원룸","원룸","500","45","17","1/4","","","","5만원","즉시입주 협의 가능","","3","","다와공인중개사사무소","","","https://m.land.naver.com/article/info/2564390505"
"2025-12-16","2564645910","일반원룸","원룸","3,000","30","23.1","B1/3","","","","7만원","즉시입주","대왕원룸
확인매물 2025. 12. 01.
기본 정보
보증금/월세
3,000
/
30만원","3","","파랑새부동산공인중개사사무소","","","https://m.land.naver.com/article/info/2564645910"
"2025-12-16","2564342763","일반원룸","원룸","500","45","18","3/5","","","","10만원","즉시입주","임
확인매물 2025. 11. 29.
기본 정보
보증금/월세
500
/
45만원
융자금
6억 2,000만원","1","","반석공인중개사사무소","","","https://m.land.naver.com/article/info/2564342763"
"2025-12-16","2567177393","일반원룸","원룸","1,000","60","35","저/2","","",":300-30","확인 어려움","즉시입주","","2","","부동산월드공인중개사","","","https://m.land.naver.com/article/info/2567177393"
"2025-12-16","2565939117","일반원룸","원룸","5,000","55","20","고/4","","",":289-15","7만원","2026년 02월 초순 협의 가능",": 가스렌지, 전자렌지, 세탁기, 냉장고, 에어컨, 책상, 옷장 등
-","3","","미스터홈즈부동산중개성북돈암센터","","","https://m.land.naver.com/article/info/2565939117"
"2025-12-16","2565101042","일반원룸","원룸","500","35","20","2/5","","",":734-186","4만원","즉시입주","","0","","탑부동산공인중개사사무소","","","https://m.land.naver.com/article/info/2565101042"
"2025-12-16","2564931252","일반원룸","원룸","500","45","15","4/4","","",":227-196","15만원","즉시입주","","1","","부동산써브(02-943-8500)공인중개사사무소","","","https://m.land.naver.com/article/info/2564931252"
"2025-12-16","2567311651","일반원룸","원룸","500","48","18","2/5","","","","10만원","2026년 02월 27일","가성비탁월 큰도로변
집주인
확인매물 2025. 12. 15.
기본 정보
보증금/월세
500
/
48만원","3","","굿모닝공인중개사","","","https://m.land.naver.com/article/info/2567311651"
"2025-12-16","2567196892","일반원룸","원룸","1,000","50","18","고/4","","","","8만원","2026년 01월 18일 협의 가능","원룸 여학생
집주인
확인매물 2025. 12. 15.
기본 정보
보증금/월세
1,000
/
50만원
융자금
시세대비 30% 미만","3","","미래공인중개사사무소","","","https://m.land.naver.com/article/info/2567196892"
"2025-12-16","2567183820","일반원룸","원룸","1,000","50","16.5","B1/3","","","","10만원","2026년 02월 14일 협의 가능","원룸
집주인
확인매물 2025. 12. 15.
기본 정보
보증금/월세
1,000
/
50만원
융자금
시세대비 30% 미만","3","","미래공인중개사사무소","","","https://m.land.naver.com/article/info/2567183820"
"2025-12-16","2567192930","일반원룸","원룸","1,000","52","16.5","2/3","","","","8만원","2025년 02월 15일 협의 가능","원룸
집주인
확인매물 2025. 12. 15.
기본 정보
보증금/월세
1,000
/
52만원
융자금
시세대비 30% 미만","3","","미래공인중개사사무소","","","https://m.land.naver.com/article/info/2567192930"
"2025-12-16","2567194875","일반원룸","원룸","1,000","50","19.8","5/5","","","","8만원","즉시입주 협의 가능","원룸
집주인
확인매물 2025. 12. 15.
기본 정보
보증금/월세
1,000
/
50만원
융자금
시세대비 30% 미만","3","","미래공인중개사사무소","","","https://m.land.naver.com/article/info/2567194875"
"2025-12-16","2567213967","일반원룸","원룸","300","40","24.2","3/3","","","","10만원","즉시입주 협의 가능","","3","","대경힐스테이트(02-915-8949)공인중개사사무소","","","https://m.land.naver.com/article/info/2567213967"
"2025-12-16","2567187057","일반원룸","원룸","200","35","16.52","B1/2","","","","10원","즉시입주 협의 가능","거실 공용사용, 햇살좋은집.남햑생쉐어하우
집주인
확인매물 2025. 12. 15.
기본 정보
보증금/월세
200
/
35만원","3","","대경힐스테이트(02-915-8949)공인중개사사무소","","","https://m.land.naver.com/article/info/2567187057"
"2025-12-16","2567038101","일반원룸","원룸","1,000","62","19.8","중/4","","","","8만원","즉시입주 협의 가능","원룸
집주인
확인매물 2025. 12. 14.
기본 정보
보증금/월세
1,000
/
62만원
융자금
시세대비 30% 미만","3","","미래공인중개사사무소","","","https://m.land.naver.com/article/info/2567038101"
"2025-12-16","2567135131","일반원룸","원룸","1,000","62","20","2/4","","","","8만원","즉시입주 협의 가능","","3","","해피공인중개사사무소","","","https://m.land.naver.com/article/info/2567135131"
"2025-12-16","2567037268","일반원룸","원룸","2,000","52","18","중/3","","","","10만원","2026년 02월 20일 협의 가능","집주인
확인매물 2025. 12. 14.
기본 정보
보증금/월세
2,000
/
52만원
융자금
없음","3","","굿모닝공인중개사","","","https://m.land.naver.com/article/info/2567037268"
"2025-12-16","2567206944","일반원룸","원룸","500","50","24.2","3/3","","","","10만원","즉시입주 협의 가능","","3","","대경힐스테이트(02-915-8949)공인중개사사무소","","","https://m.land.naver.com/article/info/2567206944"
"2025-12-16","2566912351","도시형생활주택","원룸","1,000","55","12.62","3/4","","","","13만원","즉시입주 협의 가능","국민대 후문쪽,북한산보국문역8분,엘베있음
집주인
확인매물 2025. 12. 13.
기본 정보
보증금/월세
1,000
/
55만원","3","","탑부동산공인중개사사무소","","","https://m.land.naver.com/article/info/2566912351"
"2025-12-16","2564795060","일반원룸","원룸","300","30","16","1/3","","","","5만원","즉시입주","으로 잘 갖춰져 있답니다.","3","","굿모닝공인중개사","","","https://m.land.naver.com/article/info/2564795060"
"2025-12-16","2566913984","도시형생활주택","원룸","1,000","55","12.15","2/4","","","","13만원","즉시입주 협의 가능","보증금1000 월55","3","","탑부동산공인중개사사무소","","","https://m.land.naver.com/article/info/2566913984"
"2025-12-16","2566846172","일반원룸","원룸","1,000","50","16","중/5","","","","10만원","2026년 02월 15일 협의 가능","- 보증금 1000 월세 50
-","3","","삼성공인중개사사무소","","","https://m.land.naver.com/article/info/2566846172"
"2025-12-16","2566645171","일반원룸","원룸","500","40","13","중/5","","","","10만원","2025년 12월 중순 협의 가능","- 보증금 500 월세 40
-","3","","삼성공인중개사사무소","","","https://m.land.naver.com/article/info/2566645171"
"2025-12-16","2566450452","일반원룸","원룸","1,000","55","19.8","고/4","","","","7만원","2026년 01월 24일 협의 가능","원룸
집주인
확인매물 2025. 12. 11.
기본 정보
보증금/월세
1,000
/
55만원
융자금
시세대비 30% 미만","3","","미래공인중개사사무소","","","https://m.land.naver.com/article/info/2566450452"
"2025-12-16","2566761044","일반원룸","원룸","8,000","20","30","1/3","","","","4만원","즉시입주","깔끔원룸,국민대 서경대 직장인 추천,주차가능
집주인
확인매물 2025. 12. 12.
기본 정보
보증금/월세
8,000
/
20만원","3","","탑부동산공인중개사사무소","","","https://m.land.naver.com/article/info/2566761044"
"2025-12-16","2564480615","일반원룸","원룸","1,000","58","18","3/3","","","","7만원","2026년 03월 01일","원룸
– 깔끔한 화이트 인테리어 &amp; LED 조명으로 밝고 쾌적한 실내
– 신축급 컨디션으로 전체적으로 하자, 노후도 걱정 없음
– 창이 두 면에","3","","굿모닝공인중개사","","","https://m.land.naver.com/article/info/2564480615"
"2025-12-16","2566359140","일반원룸","원룸","1,000","52","13","저/3","","","","8만원","2026년 02월 20일 협의 가능","- 보증금 1000 월세 52
-","3","","삼성공인중개사사무소","","","https://m.land.naver.com/article/info/2566359140"
"2025-12-16","2567042663","일반원룸","원룸","500","50","18","1/5","","","","10만원","2026년 01월 11일 협의 가능","","3","","신화공인중개사사무소","","","https://m.land.naver.com/article/info/2567042663"
"2025-12-16","2565847195","일반원룸","원룸","1,000","58","18","2/3","","","","7만원","2026년 03월 01일","원룸
– 깔끔한 화이트 인테리어 &amp; LED 조명으로 밝고 쾌적한 실내
– 신축급 컨디션으로 전체적으로 하자, 노후도 걱정 없음
– 창이 두 면에","3","","굿모닝공인중개사","","","https://m.land.naver.com/article/info/2565847195"
"2025-12-16","2565756806","일반원룸","원룸","1,000","53","16.5","고/3","","","","7만원","2026년 03월 01일","원룸
*","3","","미래공인중개사사무소","","","https://m.land.naver.com/article/info/2565756806"
"2025-12-16","2565756709","일반원룸","원룸","1,000","53","16.5","저/3","","","","7만원","2026년 03월 01일","원룸
*","3","","미래공인중개사사무소","","","https://m.land.naver.com/article/info/2565756709"
"2025-12-16","2565762732","일반원룸","원룸","1,000","50","18","고/4","","","","8만원","2026년 02월 25일 협의 가능","으로 잘 갖춰져 있고 다른 신축급 원룸에 비해 공간적인 여유가
있답니다.
국민대까지는 도보로 10분 내외이며 100% 국민대생이 거주하고 있답니다.
전기+도시가스는 개별
2025. 12. 7. 최초게재
부동산써브 제공
허위 매물 신고하기
건축물 정보
로딩중
시설 정보
시설 더보기
주변 분양단지
로딩중","3","","굿모닝공인중개사","","","https://m.land.naver.com/article/info/2565762732"
"2025-12-16","2565971086","일반원룸","원룸","1,000","43","16.52","B1/3","","","","7만원","2026년 02월 02일 협의 가능","","1","","대경힐스테이트(02-915-8949)공인중개사사무소","","","https://m.land.naver.com/article/info/2565971086"
"2025-12-16","2565972198","일반원룸","원룸","1,000","53","16.52","3/3","","","","7만원","2026년 02월 02일 협의 가능","","3","","대경힐스테이트(02-915-8949)공인중개사사무소","","","https://m.land.naver.com/article/info/2565972198"
"2025-12-16","2565971516","일반원룸","원룸","1,000","53","16.52","3/3","","","","7만원","2026년 02월 02일 협의 가능","","3","","대경힐스테이트(02-915-8949)공인중개사사무소","","","https://m.land.naver.com/article/info/2565971516"
"2025-12-16","2565760953","일반원룸","원룸","1,000","53","18","중/5","","","","12만원","2026년 02월 24일 협의 가능","후문까지 도보 10분 내외
집주인
확인매물 2025. 12. 07.
기본 정보
보증금/월세
1,000
/
53만원
융자금
시세대비 30% 미만","3","","굿모닝공인중개사","","","https://m.land.naver.com/article/info/2565760953"
"2025-12-16","2565484974","일반원룸","원룸","500","40","16","1/5","","","","10만원","2026년 01월 25일","경제성탁월
집주인
확인매물 2025. 12. 05.
기본 정보
보증금/월세
500
/
40만원
융자금
없음","3","","굿모닝공인중개사","","","https://m.land.naver.com/article/info/2565484974"
"2025-12-16","2565411591","일반원룸","원룸","1,000","50","20","3/5","","","","10만원","2026년 02월 15일","","3","","신화공인중개사사무소","","","https://m.land.naver.com/article/info/2565411591"
"2025-12-16","2565537701","일반원룸","원룸","500","47","24.2","3/3","","","","10만원","2025년 06월 18일 협의 가능","","3","","대경힐스테이트(02-915-8949)공인중개사사무소","","","https://m.land.naver.com/article/info/2565537701"
"2025-12-16","2565544763","일반원룸","원룸","500","90","26.44","1/3","","","","10만원","2025년 12월 31일 협의 가능","","3","","대경힐스테이트(02-915-8949)공인중개사사무소","","","https://m.land.naver.com/article/info/2565544763"
"2025-12-16","2565003980","일반원룸","원룸","1,000","52","16.5","2/3","","","","8만원","2025년 02월 15일 협의 가능","원룸
집주인
확인매물 2025. 12. 03.
기본 정보
보증금/월세
1,000
/
52만원
융자금
시세대비 30% 미만","3","","미래공인중개사사무소","","","https://m.land.naver.com/article/info/2565003980"
"2025-12-16","2565055178","일반원룸","원룸","1,000","52","20","저/3","","","","10만원","2026년 02월 20일 협의 가능","으로 잘갖춰져 있어 개인짐만 가지고 오시면 바로 생활이 가능하답니다.
전기+도시가스는 개별
2025. 12. 3. 최초게재
부동산써브 제공
허위 매물 신고하기
건축물 정보
로딩중
시설 정보
시설 더보기
주변 분양단지
로딩중","3","","굿모닝공인중개사","","","https://m.land.naver.com/article/info/2565055178"
"2025-12-16","2565054575","일반원룸","원룸","1,000","50","18","저/3","","","","10만원","2026년 02월 24일 협의 가능","집주인
확인매물 2025. 12. 03.
기본 정보
보증금/월세
1,000
/
50만원","3","","굿모닝공인중개사","","","https://m.land.naver.com/article/info/2565054575"
"2025-12-16","2565292236","일반원룸","원룸","1,000","65","20","1/3","","","","10만원","2026년 02월 22일 협의 가능","밝은향,국민대 후문,북한산보국문역10분
집주인
확인매물 2025. 12. 04.
기본 정보
보증금/월세
1,000
/
65만원
융자금
시세대비 30% 미만","3","","탑부동산공인중개사사무소","","","https://m.land.naver.com/article/info/2565292236"
"2025-12-16","2565058575","일반원룸","원룸","1,000","45","20","저/3","","","","7만원","2026년 02월 20일 협의 가능","후문부근
집주인
확인매물 2025. 12. 03.
기본 정보
보증금/월세
1,000
/
45만원","3","","굿모닝공인중개사","","","https://m.land.naver.com/article/info/2565058575"
"2025-12-16","2565323119","일반원룸","원룸","1,000","52","20","1/3","","","","8만원","2026년 02월 25일 협의 가능","국민대 도보 7분. 조용한 주택가. 인기있는 원룸,개별공과금별도
집주인
확인매물 2025. 12. 04.
기본 정보
보증금/월세
1,000
/
52만원","3","","대경힐스테이트(02-915-8949)공인중개사사무소","","","https://m.land.naver.com/article/info/2565323119"
"2025-12-16","2565043238","일반원룸","원룸","1,000","52","16.5","2/3","","","","8만원","2026년 02월 14일 협의 가능","밝은향,북한산보국문역10분
집주인
확인매물 2025. 12. 03.
기본 정보
보증금/월세
1,000
/
52만원
융자금
시세대비 30% 미만","3","","탑부동산공인중개사사무소","","","https://m.land.naver.com/article/info/2565043238"
"2025-12-16","2564957592","일반원룸","원룸","1,000","43","16.5","1/3","","","","12만원","2025년 02월 중순 협의 가능","국민대후문7분 엘베유 주차8대
집주인
확인매물 2025. 12. 03.
기본 정보
보증금/월세
1,000
/
43만원","3","","길음뉴타운래미안공인중개사사무소","","","https://m.land.naver.com/article/info/2564957592"
"2025-12-16","2564944409","일반원룸","원룸","1,000","55","19.8","3/5","","","","8만원","2026년 02월 21일 협의 가능","원룸
집주인
확인매물 2025. 12. 02.
기본 정보
보증금/월세
1,000
/
55만원
융자금
시세대비 30% 미만","3","","미래공인중개사사무소","","","https://m.land.naver.com/article/info/2564944409"
"2025-12-16","2564932428","일반원룸","원룸","1,000","53","16.52","3/3","","","","7만원","2026년 03월 02일 협의 가능","","3","","대경힐스테이트(02-915-8949)공인중개사사무소","","","https://m.land.naver.com/article/info/2564932428"
"2025-12-16","2564897139","일반원룸","원룸","1,000","50","17","3/5","","","","10만원","2026년 02월 15일 협의 가능","","3","","국민공인중개사사무소","","","https://m.land.naver.com/article/info/2564897139"
"2025-12-16","2564822519","일반원룸","원룸","1,000","55","12.12","2/4","","","","15만원","2025년 12월 20일 협의 가능","원룸
집주인
확인매물 2025. 12. 02.
기본 정보
보증금/월세
1,000
/
55만원
융자금
시세대비 30% 미만","3","","미래공인중개사사무소","","","https://m.land.naver.com/article/info/2564822519"
"2025-12-16","2566628276","일반원룸","원룸","1,000","40","16.5","2/2","","","","5만원","즉시입주 협의 가능","","1","","국민공인중개사사무소","","","https://m.land.naver.com/article/info/2566628276"
"2025-12-16","2564463424","일반원룸","원룸","500","40","16","2/5","","","","10만원","2025년 12월 30일 협의 가능","경제성탁월
집주인
확인매물 2025. 12. 01.
기본 정보
보증금/월세
500
/
40만원
융자금
없음","3","","굿모닝공인중개사","","","https://m.land.naver.com/article/info/2564463424"
"2025-12-16","2564385648","일반원룸","원룸","4,000","25","16.5","중/2","","","","7만원","2025년 12월 27일 협의 가능","원룸
📌","3","","미래공인중개사사무소","","","https://m.land.naver.com/article/info/2564385648"
"2025-12-16","2564407993","일반원룸","원룸","1,000","40","19","B1/3","","","","7만원","즉시입주 협의 가능","국민대 15분내,안심귀가,북한산보국문역5분
집주인
확인매물 2025. 12. 01.
기본 정보
보증금/월세
1,000
/
40만원
융자금
없음","3","","탑부동산공인중개사사무소","","","https://m.land.naver.com/article/info/2564407993"
"2025-12-16","2564408020","일반원룸","원룸","500","40","22.44","3/3","","","","5만원","즉시입주 협의 가능",": 벽걸이에어컨,냉장고,세탁기,가스레인지
✅","3","","탑부동산공인중개사사무소","","","https://m.land.naver.com/article/info/2564408020"
"2025-12-16","2565756309","일반원룸","원룸","500","40","16.5","1/5","","","","10만원","2025년 12월 20일 협의 가능","원룸
확인매물 2025. 12. 08.
기본 정보
보증금/월세
500
/
40만원
융자금
시세대비 30% 이상","3","","미래공인중개사사무소","","","https://m.land.naver.com/article/info/2565756309"
"2025-12-16","2563477722","일반원룸","원룸","2,000","52","16.5","2/3","","","","10만원","2026년 02월 23일 협의 가능","원룸
집주인
확인매물 2025. 11. 25.
기본 정보
보증금/월세
2,000
/
52만원
융자금
시세대비 30% 미만","3","","미래공인중개사사무소","","","https://m.land.naver.com/article/info/2563477722"
"2025-12-16","2563023060","일반원룸","원룸","1,000","53","16.5","3/3","","","","7만원","즉시입주 협의 가능","원룸,공간굿
집주인
확인매물 2025. 11. 24.
기본 정보
보증금/월세
1,000
/
53만원
융자금
없음","3","","미래공인중개사사무소","","","https://m.land.naver.com/article/info/2563023060"
"2025-12-16","2563022560","일반원룸","원룸","1,000","53","16.5","3/3","","","","7만원","즉시입주 협의 가능","원룸
집주인
확인매물 2025. 11. 24.
기본 정보
보증금/월세
1,000
/
53만원
융자금
없음","3","","미래공인중개사사무소","","","https://m.land.naver.com/article/info/2563022560"
"2025-12-16","2565079324","일반원룸","원룸","1,000","52","19.8","3/3","","","","8만원","2026년 02월 20일","","2","","집토스부동산중개 성신여대점","","","https://m.land.naver.com/article/info/2565079324"
"2025-12-16","2567282797","일반원룸","원룸","1,000","45","23","3/4","","",":849-8","10만원","2026년 02월 20일 협의 가능","","1","","신화공인중개사무소","","","https://m.land.naver.com/article/info/2567282797"
"2025-12-16","2566125623","일반원룸","원룸","1,000","55","20","2/4","","",":854-2","4만 5,000원","2025년 02월 21일 협의 가능","","1","","신화공인중개사무소","","","https://m.land.naver.com/article/info/2566125623"
"2025-12-16","2567412290","일반원룸","원룸","500","43","15","5/5","","",":286-1","3만원","즉시입주","","0","","동아공인중개사사무소","","","https://m.land.naver.com/article/info/2567412290"
"2025-12-16","2567363406","일반원룸","원룸","1억 5,000","60","37.84","2/3","","","","15만원","즉시입주 협의 가능","신축급 깔끔하고 채광 좋은 오픈형 원룸
확인매물 2025. 12. 16.
기본 정보
보증금/월세
1억 5,000
/
60만원","2","","기둥부동산공인중개사사무소","","","https://m.land.naver.com/article/info/2567363406"
"2025-12-16","2565221106","일반원룸","원룸","9,000","25","25","2/3","","","","2만원","2026년 01월 19일 협의 가능","냉장고제외 서울예고옆 빠른","2","","명공인중개사사무소","","","https://m.land.naver.com/article/info/2565221106"
"2025-12-16","2566798941","일반원룸","원룸","1,000","45","16.5","4/5","","","","5만원","즉시입주","원룸
확인매물 2025. 12. 12.
기본 정보
보증금/월세
1,000
/
45만원
융자금
시세대비 30% 이상","3","","MK.one공인중개사사무소","","","https://m.land.naver.com/article/info/2566798941"
"2025-12-16","2566123727","기타","원룸","9,000","25","32","2/3","","","","2만원","즉시입주 협의 가능","분리형 원룸 반전세
확인매물 2025. 12. 09.
기본 정보
보증금/월세
9,000
/
25만원","3","","랜드공인중개사사무소","","","https://m.land.naver.com/article/info/2566123727"
"2025-12-16","2565324460","일반원룸","원룸","2,000","55","33","4/5","","","","5만원","즉시입주","원룸
확인매물 2025. 12. 04.
기본 정보
보증금/월세
2,000
/
55만원
융자금
시세대비 30% 이상","3","","MK.one공인중개사사무소","","","https://m.land.naver.com/article/info/2565324460"
"2025-12-16","2564553316","일반원룸","원룸","3,000","60","35","4/6","","","","5만원","즉시입주","대형원룸, 대중교통편리
확인매물 2025. 12. 01.
기본 정보
보증금/월세
3,000
/
60만원","2","","하림부동산공인중개사사무소","","","https://m.land.naver.com/article/info/2564553316"
"2025-12-16","2565667944","일반원룸","원룸","1,000","76","29.18","중/5","","",":88-15","없음","즉시입주","","0","","이화부동산공인중개사사무소","","","https://m.land.naver.com/article/info/2565667944"
"2025-12-16","2565079031","일반원룸","원룸","500","40","13.22","3/5","","",":148-6","5만원","즉시입주","및 부분","3","","두배로공인중개사사무소","","","https://m.land.naver.com/article/info/2565079031"
"2025-12-16","2567022029","일반원룸","원룸","500","37","18","2/3","","","","6만원","즉시입주","즉시","3","","성원부동산공인중개사사무소","","","https://m.land.naver.com/article/info/2567022029"
"2025-12-16","2564788674","일반원룸","원룸","1,000","58","23.1","5/9","","","","5만원","즉시입주 협의 가능","","3","","굿모닝공인중개사무소","","","https://m.land.naver.com/article/info/2564788674"